Sentence,Translation,Cloze,Pronunciation,Note,Register,KeyMeaning,PitchAccent,Audio
予約したいのですが。,I'd like to make a reservation.,予約,予約【よやく】したいのですが。,Restaurant,polite,reservation,"<ruby class=""vocab"">予約<rt><span class=""pitch-l"">よ</span><span class=""pitch-h"">や</span><span class=""pitch-h"">く</span></rt></ruby>",
何名様ですか?,How many people?,何名様,何【なん】名【めい】様【さま】ですか?,Restaurant,polite,how many people,"<ruby class=""vocab"">何名様<rt>なんめいさま</rt></ruby>",
2名です。,Two people.,2名,2名【めい】です。,Restaurant,polite,two people,"<ruby class=""vocab"">2名<rt>めい</rt></ruby>",
禁煙席をお願いします。,Non-smoking section please.,禁煙席,禁煙【きんえん】席【せき】をお願【ねが】いします。,Restaurant,polite,non-smoking,"<ruby class=""vocab"">禁煙席<rt>きんえんせき</rt></ruby>",
メニューをください。,Menu please.,メニュー,メニューをください。,Restaurant,polite,menu,"<ruby class=""vocab"">メニュー<rt><span class=""pitch-h"">め</span><span class=""pitch-l"">にゅ</span><span class=""pitch-l"">ー</span></rt></ruby>",
注文をお願いします。,I'd like to order.,注文,注文【ちゅうもん】をお願【ねが】いします。,Restaurant,polite,order,"<ruby class=""vocab"">注文<rt><span class=""pitch-l"">ちゅ</span><span class=""pitch-h"">う</span><span class=""pitch-h"">も</span><span class=""pitch-h"">ん</span></rt></ruby>",
おすすめは何ですか?,What do you recommend?,おすすめ,おすすめは何【なん】ですか?,Restaurant,polite,recommendation,"<span class=""vocab"">おすすめ</span>",
これは何が入っていますか?,What's in this?,何が入っている,これは何【なに】が入【はい】っていますか?,Restaurant,polite,what's in it,"<ruby class=""vocab"">何が入っている<rt>なにがはいっている</rt></ruby>",
アレルギーがあるのですが。,I have allergies.,アレルギー,アレルギーがあるのですが。,Restaurant,polite,allergy,"<ruby class=""vocab"">アレルギー<rt><span class=""pitch-l"">あ</span><span class=""pitch-h"">れ</span><span class=""pitch-l"">る</span><span class=""pitch-l"">ぎ</span><span class=""pitch-l"">ー</span></rt></ruby>",
子供用の椅子はありますか?,Do you have a high chair?,子供用の椅子,子供【こども】用【よう】の椅子【いす】はありますか?,Restaurant,polite,high chair,"<ruby class=""vocab"">子供用の椅子<rt>こどもようのいす</rt></ruby>",
お水をください。,Water please.,お水,お水【みず】をください。,Restaurant,polite,water,"<ruby class=""vocab"">お水<rt>みず</rt></ruby>",
お会計をお願いします。,Check please.,お会計,お会計【かいけい】をお願【ねが】いします。,Restaurant,polite,check/bill,"<ruby class=""vocab"">お会計<rt>かいけい</rt></ruby>",
今夜はお寿司にしよう。,Let's go to sushi tonight.,お寿司,今夜【こんや】はお寿司【すし】にしよう。,Restaurant,polite,sushi,"<ruby class=""vocab"">お寿司<rt>すし</rt></ruby>",
持ち帰りできますか?,Can we get this to go?,持ち帰り,持【も】ち帰【かえ】りできますか?,Restaurant,polite,takeout,"<ruby class=""vocab"">持ち帰り<rt><span class=""pitch-l"">も</span><span class=""pitch-h"">ち</span><span class=""pitch-h"">か</span><span class=""pitch-h"">え</span><span class=""pitch-h"">り</span></rt></ruby>",
ごちそうさまでした。,Thank you for the meal.,ごちそうさま,ごちそうさまでした。,Restaurant,polite,thanks for meal,"<span class=""vocab"">ごちそうさま</span>",
今夜は外食しよう。,Let's eat out tonight.,外食,今夜【こんや】は外食【がいしょく】しよう。,Restaurant,polite,eating out,"<ruby class=""vocab"">外食<rt><span class=""pitch-l"">が</span><span class=""pitch-h"">い</span><span class=""pitch-h"">しょ</span><span class=""pitch-h"">く</span></rt></ruby>",
何が食べたい気分?,What are you in the mood for?,気分,何【なに】が食【た】べたい気分【きぶん】?,Restaurant,polite,mood,"<ruby class=""vocab"">気分<rt><span class=""pitch-h"">き</span><span class=""pitch-l"">ぶ</span><span class=""pitch-l"">ん</span></rt></ruby>",
和食と洋食どっちがいい?,Japanese or Western food?,和食と洋食,和食【わしょく】と洋食【ようしょく】どっちがいい?,Restaurant,polite,Japanese and Western,"<ruby class=""vocab"">和食と洋食<rt>わしょくとようしょく</rt></ruby>",
新しいお店を試してみよう。,Let's try a new place.,お店,新【あたら】しいお店【みせ】を試【ため】してみよう。,Restaurant,polite,restaurant,"<ruby class=""vocab"">お店<rt>みせ</rt></ruby>",
口コミで評判がいいお店。,A restaurant with good reviews.,評判,口コミ【くちこみ】で評判【ひょうばん】がいいお店【みせ】。,Restaurant,polite,reputation,"<ruby class=""vocab"">評判<rt><span class=""pitch-l"">ひょ</span><span class=""pitch-h"">う</span><span class=""pitch-h"">ば</span><span class=""pitch-h"">ん</span></rt></ruby>",
駐車場があるお店がいいな。,I'd like a place with parking.,駐車場,駐車【ちゅうしゃ】場【じょう】があるお店【みせ】がいいな。,Restaurant,polite,parking,"<ruby class=""vocab"">駐車場<rt>ちゅうしゃじょう</rt></ruby>",
子連れでも大丈夫ですか?,Is it okay to bring children?,子連れ,子連【こづ】れでも大丈夫【だいじょうぶ】ですか?,Restaurant,polite,with children,"<ruby class=""vocab"">子連れ<rt><span class=""pitch-l"">こ</span><span class=""pitch-h"">づ</span><span class=""pitch-h"">れ</span></rt></ruby>",
個室はありますか?,Do you have private rooms?,個室,個室【こしつ】はありますか?,Restaurant,polite,private room,"<ruby class=""vocab"">個室<rt><span class=""pitch-l"">こ</span><span class=""pitch-h"">し</span><span class=""pitch-h"">つ</span></rt></ruby>",
座敷席をお願いします。,Tatami seating please.,座敷席,座敷【ざしき】席【せき】をお願【ねが】いします。,Restaurant,polite,tatami seating,"<ruby class=""vocab"">座敷席<rt>ざしきせき</rt></ruby>",
テーブル席でお願いします。,Table seating please.,テーブル席,テーブル席【せき】でお願【ねが】いします。,Restaurant,polite,table seating,"<ruby class=""vocab"">テーブル席<rt>せき</rt></ruby>",
ベビーカーでも入れますか?,Can I bring a stroller?,ベビーカー,ベビーカーでも入【い】れますか?,Restaurant,polite,stroller,"<span class=""vocab"">ベビーカー</span>",
お子様メニューはありますか?,Do you have a kids menu?,お子様メニュー,お子【こ】様【さま】メニューはありますか?,Restaurant,polite,kids menu,"<ruby class=""vocab"">お子様メニュー<rt>おこさまメニュー</rt></ruby>",
ご飯大盛りでお願いします。,A large serving of rice please.,大盛り,ご飯【ごはん】大盛【おおも】りでお願【ねが】いします。,Restaurant,polite,large serving,"<ruby class=""vocab"">大盛り<rt><span class=""pitch-l"">お</span><span class=""pitch-h"">お</span><span class=""pitch-h"">も</span><span class=""pitch-h"">り</span></rt></ruby>",
辛くしないでください。,Please don't make it spicy.,辛い,辛【から】くしないでください。,Restaurant,polite,spicy,"<ruby class=""vocab"">辛い<rt><span class=""pitch-l"">か</span><span class=""pitch-h"">ら</span><span class=""pitch-h"">い</span></rt></ruby>",
ネギ抜きでお願いします。,Without green onions please.,ネギ,ネギ抜【ぬ】きでお願【ねが】いします。,Restaurant,polite,green onion,"<ruby class=""vocab"">ネギ<rt><span class=""pitch-h"">ね</span><span class=""pitch-l"">ぎ</span></rt></ruby>",
卵アレルギーがあります。,I have an egg allergy.,卵アレルギー,卵【たまご】アレルギーがあります。,Restaurant,polite,egg allergy,"<ruby class=""vocab"">卵アレルギー<rt>たまごアレルギー</rt></ruby>",
卵を使っていますか?,Does this contain eggs?,卵,卵【たまご】を使【つか】っていますか?,Restaurant,polite,egg,"<ruby class=""vocab"">卵<rt><span class=""pitch-l"">た</span><span class=""pitch-h"">ま</span><span class=""pitch-h"">ご</span></rt></ruby>",
おすすめは何ですか?,What do you recommend?,おすすめ,おすすめは何【なん】ですか?,Restaurant,polite,recommendation,"<span class=""vocab"">おすすめ</span>",
本日のランチは何ですか?,What's today's lunch special?,本日のランチ,本日【ほんじつ】のランチは何【なん】ですか?,Restaurant,polite,today's lunch,"<ruby class=""vocab"">本日のランチ<rt>ほんじつのランチ</rt></ruby>",
セットにできますか?,Can I make it a set?,セット,セットにできますか?,Restaurant,polite,set,"<ruby class=""vocab"">セット<rt><span class=""pitch-h"">せ</span><span class=""pitch-l"">っ</span><span class=""pitch-l"">と</span></rt></ruby>",
ドリンクバーはありますか?,Do you have a drink bar?,ドリンクバー,ドリンクバーはありますか?,Restaurant,polite,drink bar,"<span class=""vocab"">ドリンクバー</span>",
食べ放題はいくらですか?,How much is all-you-can-eat?,食べ放題,食【た】べ放題【ほうだい】はいくらですか?,Restaurant,polite,all-you-can-eat,"<ruby class=""vocab"">食べ放題<rt>たべほうだい</rt></ruby>",
飲み放題をつけますか?,Would you like all-you-can-drink?,飲み放題,飲【の】み放題【ほうだい】をつけますか?,Restaurant,polite,all-you-can-drink,"<ruby class=""vocab"">飲み放題<rt>のみほうだい</rt></ruby>",
まだ注文していいですか?,Can I still order?,まだ,まだ注文【ちゅうもん】していいですか?,Restaurant,polite,still,"<span class=""vocab""><span class=""pitch-h"">ま</span><span class=""pitch-l"">だ</span></span>",
追加注文をお願いします。,I'd like to order more.,追加注文,追加【ついか】注文【ちゅうもん】をお願【ねが】いします。,Restaurant,polite,extra order,"<ruby class=""vocab"">追加注文<rt>ついかちゅうもん</rt></ruby>",
もう少し待ってください。,Please wait a little longer.,もう少し,もう少【すこ】し待【ま】ってください。,Restaurant,polite,a little more,"<ruby class=""vocab"">もう少し<rt>もうすこし</rt></ruby>",
すみません注文いいですか?,Excuse me may I order?,注文,すみません注文【ちゅうもん】いいですか?,Restaurant,polite,order,"<ruby class=""vocab"">注文<rt><span class=""pitch-l"">ちゅ</span><span class=""pitch-h"">う</span><span class=""pitch-h"">も</span><span class=""pitch-h"">ん</span></rt></ruby>",
お水のおかわりをください。,More water please.,お水,お水【みず】のおかわりをください。,Restaurant,polite,water,"<ruby class=""vocab"">お水<rt>みず</rt></ruby>",
取り皿をいただけますか?,Could I have a small plate?,取り皿,取【と】り皿【ざら】をいただけますか?,Restaurant,polite,small plate,"<ruby class=""vocab"">取り皿<rt><span class=""pitch-l"">と</span><span class=""pitch-h"">り</span><span class=""pitch-l"">ざ</span><span class=""pitch-l"">ら</span></rt></ruby>",
ナプキンをもらえますか?,Could I have a napkin?,ナプキン,ナプキンをもらえますか?,Restaurant,polite,napkin,"<ruby class=""vocab"">ナプキン<rt><span class=""pitch-h"">な</span><span class=""pitch-l"">ぷ</span><span class=""pitch-l"">き</span><span class=""pitch-l"">ん</span></rt></ruby>",
おしぼりをください。,Wet towel please.,おしぼり,おしぼりをください。,Restaurant,polite,wet towel,"<span class=""vocab"">おしぼり</span>",
お冷やをください。,Cold water please.,お冷や,お冷【ひ】やをください。,Restaurant,polite,cold water,"<ruby class=""vocab"">お冷や<rt>おひや</rt></ruby>",
熱いお茶をください。,Hot tea please.,お茶,熱【あつ】いお茶【ちゃ】をください。,Restaurant,polite,tea,"<ruby class=""vocab"">お茶<rt>ちゃ</rt></ruby>",
これ私の一番好きな料理。,This is my favorite dish.,一番,これ私【わたし】の一番【いちばん】好【す】きな料理【りょうり】。,Restaurant,polite,favorite,"<ruby class=""vocab"">一番<rt><span class=""pitch-l"">い</span><span class=""pitch-h"">ち</span><span class=""pitch-h"">ば</span><span class=""pitch-h"">ん</span></rt></ruby>",
何にする?一緒のにしようか。,What are you having? Should we get the same thing?,一緒,何【なに】にする?一緒【いっしょ】のにしようか。,Restaurant,polite,together,"<ruby class=""vocab"">一緒<rt><span class=""pitch-l"">い</span><span class=""pitch-h"">っ</span><span class=""pitch-h"">しょ</span></rt></ruby>",
今日は私がご馳走します。,It's my treat today.,ご馳走,今日【きょう】は私【わたくし】がご馳走【ちそう】します。,Restaurant,polite,treat,"<ruby class=""vocab"">ご馳走<rt>ちそう</rt></ruby>",
ご馳走になります。,Thank you for the meal.,ご馳走,ご馳走【ちそう】になります。,Restaurant,polite,treat,"<ruby class=""vocab"">ご馳走<rt>ちそう</rt></ruby>",
とても美味しかったです。,It was very delicious.,美味しい,とても美味【おい】しかったです。,Restaurant,polite,delicious,"<ruby class=""vocab"">美味しい<rt><span class=""pitch-l"">お</span><span class=""pitch-h"">い</span><span class=""pitch-h"">し</span><span class=""pitch-h"">い</span></rt></ruby>",
また来たいです。,I'd like to come again.,美味しい,また来【き】たいです。,Restaurant,polite,delicious,"<ruby class=""vocab"">美味しい<rt><span class=""pitch-l"">お</span><span class=""pitch-h"">い</span><span class=""pitch-h"">し</span><span class=""pitch-h"">い</span></rt></ruby>",
雰囲気がいいお店ですね。,This place has nice atmosphere.,雰囲気,雰囲気【ふんいき】がいいお店【みせ】ですね。,Restaurant,polite,atmosphere,"<ruby class=""vocab"">雰囲気<rt><span class=""pitch-l"">ふ</span><span class=""pitch-h"">ん</span><span class=""pitch-h"">い</span><span class=""pitch-l"">き</span></rt></ruby>",
サービスが良かった。,The service was good.,サービス,サービスが良【よ】かった。,Restaurant,polite,service,"<ruby class=""vocab"">サービス<rt><span class=""pitch-h"">さ</span><span class=""pitch-l"">ー</span><span class=""pitch-l"">び</span><span class=""pitch-l"">す</span></rt></ruby>",
デザートは別腹だよね。,There's always room for dessert.,別腹,デザートは別腹【べつばら】だよね。,Restaurant,polite,dessert stomach,"<ruby class=""vocab"">別腹<rt><span class=""pitch-l"">べ</span><span class=""pitch-h"">つ</span><span class=""pitch-h"">ば</span><span class=""pitch-h"">ら</span></rt></ruby>",
コーヒーで締めよう。,Let's finish with coffee.,締める,コーヒーで締【し】めよう。,Restaurant,polite,finish/wrap up,"<ruby class=""vocab"">締める<rt><span class=""pitch-l"">し</span><span class=""pitch-h"">め</span><span class=""pitch-l"">る</span></rt></ruby>",
長居してしまった。,We stayed too long.,長居,長居【ながい】してしまった。,Restaurant,polite,staying long,"<ruby class=""vocab"">長居<rt><span class=""pitch-l"">な</span><span class=""pitch-h"">が</span><span class=""pitch-h"">い</span></rt></ruby>",
そろそろ帰ろうか。,Shall we head home?,帰る,そろそろ帰【かえ】ろうか。,Restaurant,polite,go home,"<ruby class=""vocab"">帰る<rt><span class=""pitch-h"">か</span><span class=""pitch-l"">え</span><span class=""pitch-l"">る</span></rt></ruby>",
お腹いっぱいになった。,I'm full.,お腹いっぱい,お腹【おなか】いっぱいになった。,Restaurant,polite,full,"<ruby class=""vocab"">お腹いっぱい<rt>おおなかいっぱい</rt></ruby>",
食べ過ぎちゃった。,I ate too much.,食べ過ぎる,食【た】べ過【す】ぎちゃった。,Restaurant,polite,eat too much,"<ruby class=""vocab"">食べ過ぎる<rt>たべすぎる</rt></ruby>",
美味しかったね。,It was delicious wasn't it.,美味しい,美味【おい】しかったね。,Restaurant,polite,delicious,"<ruby class=""vocab"">美味しい<rt><span class=""pitch-l"">お</span><span class=""pitch-h"">い</span><span class=""pitch-h"">し</span><span class=""pitch-h"">い</span></rt></ruby>",
今度は別のお店に行こう。,Let's go to a different place next time.,今度,今度【こんど】は別【べつ】のお店【みせ】に行【い】こう。,Restaurant,polite,next time,"<ruby class=""vocab"">今度<rt><span class=""pitch-h"">こ</span><span class=""pitch-l"">ん</span><span class=""pitch-l"">ど</span></rt></ruby>",
起きる時間だよ。,It's time to wake up.,起きる,起【お】きる時間【じかん】だよ。,Daily-Routine,polite,wake up,"<ruby class=""vocab"">起きる<rt><span class=""pitch-l"">お</span><span class=""pitch-h"">き</span><span class=""pitch-l"">る</span></rt></ruby>",
朝ごはんを食べなさい。,Eat your breakfast.,朝ごはん,朝【あさ】ごはんを食【た】べなさい。,Daily-Routine,polite,breakfast,"<ruby class=""vocab"">朝ごはん<rt><span class=""pitch-l"">あ</span><span class=""pitch-h"">さ</span><span class=""pitch-h"">ご</span><span class=""pitch-l"">は</span><span class=""pitch-l"">ん</span></rt></ruby>",
歯を磨いた?,Did you brush your teeth?,歯を磨く,歯【は】を磨【みが】いた?,Daily-Routine,polite,brush teeth,"<ruby class=""vocab"">歯を磨く<rt>はをみがく</rt></ruby>",
顔を洗ってきて。,Go wash your face.,顔を洗う,顔【かお】を洗【あら】ってきて。,Daily-Routine,polite,wash face,"<ruby class=""vocab"">顔を洗う<rt>かおをあらう</rt></ruby>",
着替えなさい。,Get changed.,着替える,着替【きが】えなさい。,Daily-Routine,polite,change clothes,"<ruby class=""vocab"">着替える<rt><span class=""pitch-l"">き</span><span class=""pitch-h"">が</span><span class=""pitch-h"">え</span><span class=""pitch-l"">る</span></rt></ruby>",
忘れ物ない?,Do you have everything?,忘れ物,忘【わす】れ物【もの】ない?,Daily-Routine,polite,forgotten item,"<ruby class=""vocab"">忘れ物<rt><span class=""pitch-l"">わ</span><span class=""pitch-h"">す</span><span class=""pitch-h"">れ</span><span class=""pitch-h"">も</span><span class=""pitch-h"">の</span></rt></ruby>",
いってらっしゃい。,Have a good day.,いってらっしゃい,いってらっしゃい。,Daily-Routine,polite,have a good day,"<span class=""vocab"">いってらっしゃい</span>",
おかえりなさい。,Welcome home.,おかえりなさい,おかえりなさい。,Daily-Routine,polite,welcome back,"<span class=""vocab"">おかえりなさい</span>",
手を洗ってね。,Wash your hands.,手,手【て】を洗【あら】ってね。,Daily-Routine,polite,hand-wash,"<ruby class=""vocab"">手<rt><span class=""pitch-h"">て</span></rt></ruby>",
うがいをしてね。,Gargle please.,うがい,うがいをしてね。,Daily-Routine,polite,gargle,"<span class=""vocab""><span class=""pitch-l"">う</span><span class=""pitch-h"">が</span><span class=""pitch-h"">い</span></span>",
宿題やった?,Did you do your homework?,宿題,宿題【しゅくだい】やった?,Daily-Routine,polite,homework,"<ruby class=""vocab"">宿題<rt><span class=""pitch-l"">しゅ</span><span class=""pitch-h"">く</span><span class=""pitch-h"">だ</span><span class=""pitch-h"">い</span></rt></ruby>",
おやつを食べていいよ。,You can have a snack.,おやつ,おやつを食【た】べていいよ。,Daily-Routine,polite,snack,"<span class=""vocab"">おやつ</span>",
テレビは宿題の後でね。,TV after homework.,後,テレビは宿題【しゅくだい】の後【あと】でね。,Daily-Routine,polite,after,"<ruby class=""vocab"">後<rt><span class=""pitch-h"">あ</span><span class=""pitch-l"">と</span></rt></ruby>",
お風呂に入りなさい。,Take a bath.,風呂,お風呂【ふろ】に入【はい】りなさい。,Daily-Routine,polite,bath,"<ruby class=""vocab"">風呂<rt><span class=""pitch-l"">ふ</span><span class=""pitch-h"">ろ</span></rt></ruby>",
もう寝る時間だよ。,It's bedtime.,寝る時間,もう寝【ね】る時間【じかん】だよ。,Daily-Routine,polite,bedtime,"<ruby class=""vocab"">寝る時間<rt>ねるじかん</rt></ruby>",
おやすみなさい。,Good night.,おやすみなさい,おやすみなさい。,Daily-Routine,polite,good night,"<span class=""vocab"">おやすみなさい</span>",
電気を消して。,Turn off the light.,電気,電気【でんき】を消【け】して。,Daily-Routine,polite,electricity,"<ruby class=""vocab"">電気<rt><span class=""pitch-h"">で</span><span class=""pitch-l"">ん</span><span class=""pitch-l"">き</span></rt></ruby>",
早く起きなさい。,Wake up early.,早く起きる,早【はや】く起【お】きなさい。,Daily-Routine,polite,wake up early,"<ruby class=""vocab"">早く起きる<rt>はやくおきる</rt></ruby>",
遅刻するよ。,You'll be late.,遅刻,遅刻【ちこく】するよ。,Daily-Routine,polite,being late,"<ruby class=""vocab"">遅刻<rt><span class=""pitch-l"">ち</span><span class=""pitch-h"">こ</span><span class=""pitch-h"">く</span></rt></ruby>",
急いで!,Hurry up!,急いで,急【いそ】いで!,Daily-Routine,polite,hurry,"<ruby class=""vocab"">急いで<rt>いそいで</rt></ruby>",
ゆっくり食べて。,Eat slowly.,ゆっくり,ゆっくり食【た】べて。,Daily-Routine,polite,slowly,"<span class=""vocab""><span class=""pitch-l"">ゆ</span><span class=""pitch-h"">っ</span><span class=""pitch-h"">く</span><span class=""pitch-l"">り</span></span>",
よく噛んでね。,Chew well.,噛む,よく噛【か】んでね。,Daily-Routine,polite,chew,"<ruby class=""vocab"">噛む<rt><span class=""pitch-h"">か</span><span class=""pitch-l"">む</span></rt></ruby>",
野菜も食べなさい。,Eat your vegetables.,野菜,野菜【やさい】も食【た】べなさい。,Daily-Routine,polite,vegetables,"<ruby class=""vocab"">野菜<rt><span class=""pitch-l"">や</span><span class=""pitch-h"">さ</span><span class=""pitch-h"">い</span></rt></ruby>",
残さないでね。,Don't leave any.,残さない,残【のこ】さないでね。,Daily-Routine,polite,not leave food,"<ruby class=""vocab"">残さない<rt>のこさない</rt></ruby>",
おかわりする?,Do you want seconds?,おかわり,おかわりする?,Daily-Routine,polite,seconds/refill,"<span class=""vocab"">おかわり</span>",
お茶を入れようか?,Shall I make tea?,お茶,お茶【ちゃ】を入【い】れようか?,Daily-Routine,polite,tea,"<ruby class=""vocab"">お茶<rt>ちゃ</rt></ruby>",
コーヒーを淹れて。,Make coffee.,コーヒー,コーヒーを淹【い】れて。,Daily-Routine,polite,coffee,"<ruby class=""vocab"">コーヒー<rt><span class=""pitch-l"">こ</span><span class=""pitch-h"">ー</span><span class=""pitch-h"">ひ</span><span class=""pitch-l"">ー</span></rt></ruby>",
牛乳を飲んでね。,Drink your milk.,牛乳,牛乳【ぎゅうにゅう】を飲【の】んでね。,Daily-Routine,polite,milk,"<ruby class=""vocab"">牛乳<rt><span class=""pitch-l"">ぎゅ</span><span class=""pitch-h"">う</span><span class=""pitch-h"">にゅ</span><span class=""pitch-h"">う</span></rt></ruby>",
果物を食べる?,Do you want fruit?,果物,果物【くだもの】を食【た】べる?,Daily-Routine,polite,fruit,"<ruby class=""vocab"">果物<rt><span class=""pitch-l"">く</span><span class=""pitch-h"">だ</span><span class=""pitch-l"">も</span><span class=""pitch-l"">の</span></rt></ruby>",
アイスは夕飯の後でね。,Ice cream after dinner.,夕飯,アイスは夕飯【ゆうはん】の後【あと】でね。,Daily-Routine,polite,dinner,"<ruby class=""vocab"">夕飯<rt><span class=""pitch-l"">ゆ</span><span class=""pitch-h"">う</span><span class=""pitch-h"">は</span><span class=""pitch-h"">ん</span></rt></ruby>",
喉が渇いた。,I'm thirsty.,喉,喉【のど】が渇【かわ】いた。,Daily-Routine,polite,thirsty,"<ruby class=""vocab"">喉<rt><span class=""pitch-h"">の</span><span class=""pitch-l"">ど</span></rt></ruby>",
お腹すいた。,I'm hungry.,お腹がすく,お腹【おなか】すいた。,Daily-Routine,polite,get hungry,"<ruby class=""vocab"">お腹がすく<rt>おおなかがすく</rt></ruby>",
疲れた。,I'm tired.,疲れる,疲【つか】れた。,Daily-Routine,polite,get tired,"<ruby class=""vocab"">疲れる<rt><span class=""pitch-l"">つ</span><span class=""pitch-h"">か</span><span class=""pitch-h"">れ</span><span class=""pitch-l"">る</span></rt></ruby>",
眠い。,I'm sleepy.,眠い,眠【ねむ】い。,Daily-Routine,polite,sleepy,"<ruby class=""vocab"">眠い<rt><span class=""pitch-l"">ね</span><span class=""pitch-h"">む</span><span class=""pitch-h"">い</span></rt></ruby>",
暑いね。,It's hot isn't it.,暑い,暑【あつ】いね。,Daily-Routine,polite,hot,"<ruby class=""vocab"">暑い<rt><span class=""pitch-l"">あ</span><span class=""pitch-h"">つ</span><span class=""pitch-l"">い</span></rt></ruby>",
寒いね。,It's cold isn't it.,寒い,寒【さむ】いね。,Daily-Routine,polite,cold,"<ruby class=""vocab"">寒い<rt><span class=""pitch-l"">さ</span><span class=""pitch-h"">む</span><span class=""pitch-l"">い</span></rt></ruby>",
エアコンをつけて。,Turn on the air conditioner.,エアコン,エアコンをつけて。,Daily-Routine,polite,air conditioner,"<ruby class=""vocab"">エアコン<rt><span class=""pitch-l"">え</span><span class=""pitch-h"">あ</span><span class=""pitch-h"">こ</span><span class=""pitch-h"">ん</span></rt></ruby>",
窓を開けて。,Open the window.,窓,窓【まど】を開【あ】けて。,Daily-Routine,polite,window,"<ruby class=""vocab"">窓<rt><span class=""pitch-h"">ま</span><span class=""pitch-l"">ど</span></rt></ruby>",
窓を閉めて。,Close the window.,窓,窓【まど】を閉【し】めて。,Daily-Routine,polite,window,"<ruby class=""vocab"">窓<rt><span class=""pitch-h"">ま</span><span class=""pitch-l"">ど</span></rt></ruby>",
カーテンを開けて。,Open the curtains.,カーテン,カーテンを開【あ】けて。,Daily-Routine,polite,curtain,"<ruby class=""vocab"">カーテン<rt><span class=""pitch-h"">か</span><span class=""pitch-l"">ー</span><span class=""pitch-l"">て</span><span class=""pitch-l"">ん</span></rt></ruby>",
カーテンを閉めて。,Close the curtains.,カーテン,カーテンを閉【し】めて。,Daily-Routine,polite,curtain,"<ruby class=""vocab"">カーテン<rt><span class=""pitch-h"">か</span><span class=""pitch-l"">ー</span><span class=""pitch-l"">て</span><span class=""pitch-l"">ん</span></rt></ruby>",
ドアを閉めてね。,Close the door.,ドア,ドアを閉【し】めてね。,Daily-Routine,polite,door,"<ruby class=""vocab"">ドア<rt><span class=""pitch-h"">ど</span><span class=""pitch-l"">あ</span></rt></ruby>",
鍵をかけた?,Did you lock it?,鍵,鍵【かぎ】をかけた?,Daily-Routine,polite,key,"<ruby class=""vocab"">鍵<rt><span class=""pitch-l"">か</span><span class=""pitch-h"">ぎ</span></rt></ruby>",
電話が鳴ってる。,The phone is ringing.,鳴る,電話【でんわ】が鳴【な】ってる。,Daily-Routine,polite,ring,"<ruby class=""vocab"">鳴る<rt><span class=""pitch-l"">な</span><span class=""pitch-h"">る</span></rt></ruby>",
誰か来たみたい。,Someone's here.,誰か来た,誰【だれ】か来【き】たみたい。,Daily-Routine,polite,someone came,"<ruby class=""vocab"">誰か来た<rt>だれかきた</rt></ruby>",
玄関に出てくる。,I'll get the door.,玄関,玄関【げんかん】に出【で】てくる。,Daily-Routine,polite,entrance,"<ruby class=""vocab"">玄関<rt><span class=""pitch-h"">げ</span><span class=""pitch-l"">ん</span><span class=""pitch-l"">か</span><span class=""pitch-l"">ん</span></rt></ruby>",
ちょっと待ってて。,Wait a moment.,待つ,ちょっと待【ま】ってて。,Daily-Routine,polite,wait,"<ruby class=""vocab"">待つ<rt><span class=""pitch-h"">ま</span><span class=""pitch-l"">つ</span></rt></ruby>",
すぐ戻るから。,I'll be right back.,戻る,すぐ戻【もど】るから。,Daily-Routine,polite,return,"<ruby class=""vocab"">戻る<rt><span class=""pitch-l"">も</span><span class=""pitch-h"">ど</span><span class=""pitch-l"">る</span></rt></ruby>",
何してるの?,What are you doing?,何,何【なに】してるの?,Daily-Routine,polite,what,"<ruby class=""vocab"">何<rt><span class=""pitch-h"">な</span><span class=""pitch-l"">に</span></rt></ruby>",
どこに行くの?,Where are you going?,行く,どこに行【い】くの?,Daily-Routine,polite,go,"<ruby class=""vocab"">行く<rt><span class=""pitch-l"">い</span><span class=""pitch-h"">く</span></rt></ruby>",
いつ帰ってくる?,When will you be back?,帰る,いつ帰【かえ】ってくる?,Daily-Routine,polite,return home,"<ruby class=""vocab"">帰る<rt><span class=""pitch-h"">か</span><span class=""pitch-l"">え</span><span class=""pitch-l"">る</span></rt></ruby>",
ご飯の支度ができたよ。,Dinner is ready.,支度,ご飯【ごはん】の支度【したく】ができたよ。,Daily-Routine,polite,preparation,"<ruby class=""vocab"">支度<rt><span class=""pitch-l"">し</span><span class=""pitch-h"">た</span><span class=""pitch-h"">く</span></rt></ruby>",
食べ終わったら片付けて。,Clean up when you're done eating.,片付ける,食【た】べ終【お】わったら片付【かたづ】けて。,Daily-Routine,polite,clean up,"<ruby class=""vocab"">片付ける<rt><span class=""pitch-l"">か</span><span class=""pitch-h"">た</span><span class=""pitch-h"">づ</span><span class=""pitch-h"">け</span><span class=""pitch-l"">る</span></rt></ruby>",
お皿を下げて。,Clear the dishes.,お皿を下げる,お皿【さら】を下【さ】げて。,Daily-Routine,polite,clear dishes,"<ruby class=""vocab"">お皿を下げる<rt>おさらをさげる</rt></ruby>",
テーブルを拭いて。,Wipe the table.,テーブル,テーブルを拭【ふ】いて。,Daily-Routine,polite,table,"<ruby class=""vocab"">テーブル<rt><span class=""pitch-l"">て</span><span class=""pitch-h"">ー</span><span class=""pitch-h"">ぶ</span><span class=""pitch-h"">る</span></rt></ruby>",
食器を洗ってくれる?,Can you wash the dishes?,食器を洗う,食器【しょっき】を洗【あら】ってくれる?,Daily-Routine,polite,wash dishes,"<ruby class=""vocab"">食器を洗う<rt>しょっきをあらう</rt></ruby>",
お風呂が沸いたよ。,The bath is ready.,お風呂,お風呂【ふろ】が沸【わ】いたよ。,Daily-Routine,polite,bath,"<ruby class=""vocab"">お風呂<rt>ふろ</rt></ruby>",
お風呂のお湯を足して。,Add more water to the bath.,湯,お風呂【ふろ】のお湯【ゆ】を足【た】して。,Daily-Routine,polite,hot water,"<ruby class=""vocab"">湯<rt><span class=""pitch-h"">ゆ</span></rt></ruby>",
シャンプーが切れそう。,We're almost out of shampoo.,シャンプー,シャンプーが切【き】れそう。,Daily-Routine,polite,shampoo,"<ruby class=""vocab"">シャンプー<rt><span class=""pitch-h"">しゃ</span><span class=""pitch-l"">ん</span><span class=""pitch-l"">ぷ</span><span class=""pitch-l"">ー</span></rt></ruby>",
タオルを持ってきて。,Bring a towel.,タオル,タオルを持【も】ってきて。,Daily-Routine,polite,towel,"<span class=""vocab"">タオル</span>",
髪を乾かして。,Dry your hair.,髪,髪【かみ】を乾【かわ】かして。,Daily-Routine,polite,hair,"<ruby class=""vocab"">髪<rt><span class=""pitch-l"">か</span><span class=""pitch-h"">み</span></rt></ruby>",
パジャマに着替えて。,Change into pajamas.,パジャマ,パジャマに着替【きが】えて。,Daily-Routine,polite,pajamas,"<ruby class=""vocab"">パジャマ<rt><span class=""pitch-h"">ぱ</span><span class=""pitch-l"">じゃ</span><span class=""pitch-l"">ま</span></rt></ruby>",
布団を敷いて。,Lay out the futon.,布団,布団【ふとん】を敷【し】いて。,Daily-Routine,polite,futon,"<ruby class=""vocab"">布団<rt><span class=""pitch-l"">ふ</span><span class=""pitch-h"">と</span><span class=""pitch-h"">ん</span></rt></ruby>",
枕が高い。,The pillow is too high.,枕,枕【まくら】が高【たか】い。,Daily-Routine,polite,pillow,"<ruby class=""vocab"">枕<rt><span class=""pitch-h"">ま</span><span class=""pitch-l"">く</span><span class=""pitch-l"">ら</span></rt></ruby>",
毛布をかけて。,Put on a blanket.,毛布,毛布【もうふ】をかけて。,Daily-Routine,polite,blanket,"<ruby class=""vocab"">毛布<rt><span class=""pitch-h"">も</span><span class=""pitch-l"">う</span><span class=""pitch-l"">ふ</span></rt></ruby>",
目覚まし時計をセットして。,Set the alarm clock.,目覚まし時計,目覚【めざ】まし時計【とけい】をセットして。,Daily-Routine,polite,alarm clock,"<ruby class=""vocab"">目覚まし時計<rt>めざましとけい</rt></ruby>",
何時に起きる?,What time will you wake up?,何時,何【なん】時【じ】に起【お】きる?,Daily-Routine,polite,what time,"<ruby class=""vocab"">何時<rt>なんじ</rt></ruby>",
今日という日に感謝。,Grateful for today.,今日という日,今日【きょう】という日【ひ】に感謝【かんしゃ】。,Daily-Routine,polite,this day,"<ruby class=""vocab"">今日という日<rt>きょうというひ</rt></ruby>",
家族がいて幸せ。,I'm happy to have family.,家族,家族【かぞく】がいて幸【しあわ】せ。,Daily-Routine,polite,family,"<ruby class=""vocab"">家族<rt><span class=""pitch-h"">か</span><span class=""pitch-l"">ぞ</span><span class=""pitch-l"">く</span></rt></ruby>",
毎日を大切に生きよう。,Let's cherish each day.,毎日,毎日【まいにち】を大切【たいせつ】に生【い】きよう。,Daily-Routine,polite,every day,"<ruby class=""vocab"">毎日<rt><span class=""pitch-h"">ま</span><span class=""pitch-l"">い</span><span class=""pitch-l"">に</span><span class=""pitch-l"">ち</span></rt></ruby>",
病院の予約を取りました。,I made a doctor's appointment.,病院,病院【びょういん】の予約【よやく】を取【と】りました。,Medical,polite,hospital,"<ruby class=""vocab"">病院<rt><span class=""pitch-l"">びょ</span><span class=""pitch-h"">う</span><span class=""pitch-h"">い</span><span class=""pitch-h"">ん</span></rt></ruby>",
保険証を持っていますか?,Do you have your insurance card?,保険証,保険【ほけん】証【しょう】を持【も】っていますか?,Medical,polite,insurance card,"<ruby class=""vocab"">保険証<rt>ほけんしょう</rt></ruby>",
症状を教えてください。,Please tell me your symptoms.,症状,症状【しょうじょう】を教【おし】えてください。,Medical,polite,symptoms,"<ruby class=""vocab"">症状<rt><span class=""pitch-l"">しょ</span><span class=""pitch-h"">う</span><span class=""pitch-h"">じょ</span><span class=""pitch-l"">う</span></rt></ruby>",
いつから具合が悪いですか?,Since when have you felt unwell?,具合,いつから具合【ぐあい】が悪【わる】いですか?,Medical,polite,condition,"<ruby class=""vocab"">具合<rt><span class=""pitch-l"">ぐ</span><span class=""pitch-h"">あ</span><span class=""pitch-h"">い</span></rt></ruby>",
処方箋をもらいました。,I received a prescription.,処方箋,処方【しょほう】箋【せん】をもらいました。,Medical,polite,prescription,"<ruby class=""vocab"">処方箋<rt>しょほうせん</rt></ruby>",
薬局に行ってくる。,I'll go to the pharmacy.,薬局,薬局【やっきょく】に行【い】ってくる。,Medical,polite,pharmacy,"<ruby class=""vocab"">薬局<rt><span class=""pitch-l"">や</span><span class=""pitch-h"">っ</span><span class=""pitch-h"">きょ</span><span class=""pitch-h"">く</span></rt></ruby>",
この薬は食後に飲んでください。,Please take this medicine after meals.,薬,この薬【くすり】は食後【しょくご】に飲【の】んでください。,Medical,polite,medicine,"<ruby class=""vocab"">薬<rt><span class=""pitch-l"">く</span><span class=""pitch-h"">す</span><span class=""pitch-h"">り</span></rt></ruby>",
副作用はありますか?,Are there any side effects?,副作用,副【ふく】作用【さよう】はありますか?,Medical,polite,side effects,"<ruby class=""vocab"">副作用<rt>ふくさよう</rt></ruby>",
アレルギーの薬を飲んでいます。,I'm taking allergy medicine.,アレルギーの薬,アレルギーの薬【くすり】を飲【の】んでいます。,Medical,polite,allergy medicine,"<ruby class=""vocab"">アレルギーの薬<rt>くすり</rt></ruby>",
検査を受けなきゃ。,I need to get tested.,検査,検査【けんさ】を受【う】けなきゃ。,Medical,polite,test/exam,"<ruby class=""vocab"">検査<rt><span class=""pitch-h"">け</span><span class=""pitch-l"">ん</span><span class=""pitch-l"">さ</span></rt></ruby>",
健康診断の結果が来た。,The health checkup results arrived.,健康診断,健康【けんこう】診断【しんだん】の結果【けっか】が来【き】た。,Medical,polite,health checkup,"<ruby class=""vocab"">健康診断<rt>けんこうしんだん</rt></ruby>",
熱が下がらない。,The fever won't go down.,熱,熱【ねつ】が下【さ】がらない。,Medical,polite,fever,"<ruby class=""vocab"">熱<rt><span class=""pitch-l"">ね</span><span class=""pitch-h"">つ</span></rt></ruby>",
咳が止まらない。,I can't stop coughing.,咳,咳【せき】が止【と】まらない。,Medical,polite,cough,"<ruby class=""vocab"">咳<rt><span class=""pitch-l"">せ</span><span class=""pitch-h"">き</span></rt></ruby>",
鼻水が出る。,I have a runny nose.,鼻水,鼻水【はなみず】が出【で】る。,Medical,polite,runny nose,"<ruby class=""vocab"">鼻水<rt><span class=""pitch-l"">は</span><span class=""pitch-h"">な</span><span class=""pitch-h"">み</span><span class=""pitch-h"">ず</span></rt></ruby>",
喉が痛い。,My throat hurts.,喉,喉【のど】が痛【いた】い。,Medical,polite,throat,"<ruby class=""vocab"">喉<rt><span class=""pitch-h"">の</span><span class=""pitch-l"">ど</span></rt></ruby>",
頭痛がひどい。,I have a terrible headache.,頭痛,頭痛【ずつう】がひどい。,Medical,polite,headache,"<ruby class=""vocab"">頭痛<rt><span class=""pitch-l"">ず</span><span class=""pitch-h"">つ</span><span class=""pitch-h"">う</span></rt></ruby>",
めまいがする。,I feel dizzy.,めまい,めまいがする。,Medical,polite,dizziness,"<span class=""vocab""><span class=""pitch-l"">め</span><span class=""pitch-h"">ま</span><span class=""pitch-l"">い</span></span>",
診察券をお持ちですか?,Do you have your patient card?,診察券,診察【しんさつ】券【けん】をお持【も】ちですか?,Medical,polite,patient card,"<ruby class=""vocab"">診察券<rt>しんさつけん</rt></ruby>",
初診ですか?,Is this your first visit?,初診,初診【しょしん】ですか?,Medical,polite,first visit,"<ruby class=""vocab"">初診<rt><span class=""pitch-l"">しょ</span><span class=""pitch-h"">し</span><span class=""pitch-h"">ん</span></rt></ruby>",
問診票に記入してください。,Please fill out the questionnaire.,問診票,問診【もんしん】票【ひょう】に記入【きにゅう】してください。,Medical,polite,questionnaire,"<ruby class=""vocab"">問診票<rt>もんしんひょう</rt></ruby>",
待合室でお待ちください。,Please wait in the waiting room.,問診票,待合【まちあい】室【しつ】でお待【ま】ちください。,Medical,polite,questionnaire,"<span class=""vocab"">問診票</span>",
お名前が呼ばれましたら。,When your name is called.,名前,お名前【なまえ】が呼【よ】ばれましたら。,Medical,polite,name,"<ruby class=""vocab"">名前<rt><span class=""pitch-l"">な</span><span class=""pitch-h"">ま</span><span class=""pitch-h"">え</span></rt></ruby>",
血圧を測りますね。,I'll take your blood pressure.,名前,血圧【けつあつ】を測【はか】りますね。,Medical,polite,name,"<ruby class=""vocab"">名前<rt><span class=""pitch-l"">な</span><span class=""pitch-h"">ま</span><span class=""pitch-h"">え</span></rt></ruby>",
体温を測ってください。,Please take your temperature.,体温,体温【たいおん】を測【はか】ってください。,Medical,polite,body temperature,"<ruby class=""vocab"">体温<rt><span class=""pitch-h"">た</span><span class=""pitch-l"">い</span><span class=""pitch-l"">お</span><span class=""pitch-l"">ん</span></rt></ruby>",
深呼吸してください。,Please take a deep breath.,深呼吸,深【しん】呼吸【こきゅう】してください。,Medical,polite,deep breath,"<ruby class=""vocab"">深呼吸<rt>しんこきゅう</rt></ruby>",
お腹を見せてください。,Please show me your stomach.,お腹,お腹【おなか】を見【み】せてください。,Medical,polite,stomach,"<ruby class=""vocab"">お腹<rt><span class=""pitch-l"">お</span><span class=""pitch-h"">な</span><span class=""pitch-h"">か</span></rt></ruby>",
どこが痛いですか?,Where does it hurt?,痛い,どこが痛【いた】いですか?,Medical,polite,hurt/painful,"<ruby class=""vocab"">痛い<rt><span class=""pitch-l"">い</span><span class=""pitch-h"">た</span><span class=""pitch-l"">い</span></rt></ruby>",
いつからですか?,Since when?,いつからですか,いつからですか?,Medical,polite,when,"<span class=""vocab"">いつからですか</span>",
熱はありますか?,Do you have a fever?,熱,熱【ねつ】はありますか?,Medical,polite,fever,"<ruby class=""vocab"">熱<rt><span class=""pitch-l"">ね</span><span class=""pitch-h"">つ</span></rt></ruby>",
食欲はありますか?,Do you have an appetite?,食欲,食欲【しょくよく】はありますか?,Medical,polite,appetite,"<ruby class=""vocab"">食欲<rt><span class=""pitch-l"">しょ</span><span class=""pitch-h"">く</span><span class=""pitch-h"">よ</span><span class=""pitch-h"">く</span></rt></ruby>",
眠れていますか?,Are you sleeping well?,眠れる,眠【ねむ】れていますか?,Medical,polite,able to sleep,"<ruby class=""vocab"">眠れる<rt><span class=""pitch-l"">ね</span><span class=""pitch-h"">む</span><span class=""pitch-h"">れ</span><span class=""pitch-h"">る</span></rt></ruby>",
お薬は何か飲んでいますか?,Are you taking any medication?,お薬,お薬【くすり】は何【なん】か飲【の】んでいますか?,Medical,polite,medicine,"<ruby class=""vocab"">お薬<rt>くすり</rt></ruby>",
アレルギーはありますか?,Do you have any allergies?,アレルギー,アレルギーはありますか?,Medical,polite,allergy,"<ruby class=""vocab"">アレルギー<rt><span class=""pitch-l"">あ</span><span class=""pitch-h"">れ</span><span class=""pitch-l"">る</span><span class=""pitch-l"">ぎ</span><span class=""pitch-l"">ー</span></rt></ruby>",
妊娠の可能性はありますか?,Is there a possibility of pregnancy?,妊娠,妊娠【にんしん】の可能【かのう】性【せい】はありますか?,Medical,polite,pregnancy,"<ruby class=""vocab"">妊娠<rt><span class=""pitch-l"">に</span><span class=""pitch-h"">ん</span><span class=""pitch-h"">し</span><span class=""pitch-h"">ん</span></rt></ruby>",
授乳中ですか?,Are you breastfeeding?,授乳中,授乳【じゅにゅう】中【ちゅう】ですか?,Medical,polite,breastfeeding,"<ruby class=""vocab"">授乳中<rt>じゅにゅうちゅう</rt></ruby>",
検査結果が出ました。,The test results are in.,検査結果,検査【けんさ】結果【けっか】が出【で】ました。,Medical,polite,test results,"<ruby class=""vocab"">検査結果<rt>けんさけっか</rt></ruby>",
特に問題ありません。,There are no problems.,問題,特【とく】に問題【もんだい】ありません。,Medical,polite,problem,"<ruby class=""vocab"">問題<rt><span class=""pitch-l"">も</span><span class=""pitch-h"">ん</span><span class=""pitch-h"">だ</span><span class=""pitch-h"">い</span></rt></ruby>",
精密検査が必要です。,You need a detailed examination.,精密検査,精密【せいみつ】検査【けんさ】が必要【ひつよう】です。,Medical,polite,detailed exam,"<ruby class=""vocab"">精密検査<rt>せいみつけんさ</rt></ruby>",
紹介状を書きます。,I'll write a referral letter.,紹介状,紹介【しょうかい】状【じょう】を書【か】きます。,Medical,polite,referral letter,"<ruby class=""vocab"">紹介状<rt>しょうかいじょう</rt></ruby>",
大きい病院に行ってください。,Please go to a larger hospital.,病院,大【おお】きい病院【びょういん】に行【い】ってください。,Medical,polite,hospital,"<ruby class=""vocab"">病院<rt><span class=""pitch-l"">びょ</span><span class=""pitch-h"">う</span><span class=""pitch-h"">い</span><span class=""pitch-h"">ん</span></rt></ruby>",
お薬を出しておきます。,I'll prescribe some medicine.,薬,お薬【くすり】を出【だ】しておきます。,Medical,polite,medicine,"<ruby class=""vocab"">薬<rt><span class=""pitch-l"">く</span><span class=""pitch-h"">す</span><span class=""pitch-h"">り</span></rt></ruby>",
1日3回食後に飲んでください。,Take it three times a day after meals.,1日3回,1日【ついたち】3回【かい】食後【しょくご】に飲【の】んでください。,Medical,polite,three times a day,"<ruby class=""vocab"">1日3回<rt>1ついたち3かい</rt></ruby>",
眠くなることがあります。,It may make you drowsy.,眠くなる,眠【ねむ】くなることがあります。,Medical,polite,get drowsy,"<ruby class=""vocab"">眠くなる<rt>ねむくなる</rt></ruby>",
お酒は控えてください。,Please avoid alcohol.,お酒,お酒【さけ】は控【ひか】えてください。,Medical,polite,alcohol,"<ruby class=""vocab"">お酒<rt>さけ</rt></ruby>",
安静にしてください。,Please rest.,お酒,安静【あんせい】にしてください。,Medical,polite,alcohol,"<span class=""vocab"">お酒</span>",
お風呂は控えてください。,Please avoid bathing.,風呂,お風呂【ふろ】は控【ひか】えてください。,Medical,polite,bath,"<ruby class=""vocab"">風呂<rt><span class=""pitch-l"">ふ</span><span class=""pitch-h"">ろ</span></rt></ruby>",
様子を見てください。,Please monitor your condition.,様子,様子【ようす】を見【み】てください。,Medical,polite,condition,"<ruby class=""vocab"">様子<rt><span class=""pitch-l"">よ</span><span class=""pitch-h"">う</span><span class=""pitch-h"">す</span></rt></ruby>",
良くならなかったら来てください。,Come back if it doesn't improve.,良くなる,良【よ】くならなかったら来【き】てください。,Medical,polite,get better,"<ruby class=""vocab"">良くなる<rt>よくなる</rt></ruby>",
お大事にしてください。,Please take care.,お大事に,お大事【だいじ】にしてください。,Medical,polite,take care,"<ruby class=""vocab"">お大事に<rt>おだいじに</rt></ruby>",
次回の予約を取りますか?,Shall we schedule your next appointment?,次回,次回【じかい】の予約【よやく】を取【と】りますか?,Medical,polite,next time,"<ruby class=""vocab"">次回<rt><span class=""pitch-h"">じ</span><span class=""pitch-l"">か</span><span class=""pitch-l"">い</span></rt></ruby>",
保険は効きますか?,Is this covered by insurance?,保険,保険【ほけん】は効【き】きますか?,Medical,polite,insurance,"<ruby class=""vocab"">保険<rt><span class=""pitch-l"">ほ</span><span class=""pitch-h"">け</span><span class=""pitch-h"">ん</span></rt></ruby>",
自費になります。,This will be out of pocket.,自費,自費【じひ】になります。,Medical,polite,out of pocket,"<ruby class=""vocab"">自費<rt><span class=""pitch-l"">じ</span><span class=""pitch-h"">ひ</span></rt></ruby>",
診断書が必要です。,I need a medical certificate.,診断書,診断【しんだん】書【しょ】が必要【ひつよう】です。,Medical,polite,medical certificate,"<ruby class=""vocab"">診断書<rt>しんだんしょ</rt></ruby>",
インフルエンザの予防接種をしたい。,I'd like to get a flu shot.,予防接種,インフルエンザの予防【よぼう】接種【せっしゅ】をしたい。,Medical,polite,vaccination,"<ruby class=""vocab"">予防接種<rt>よぼうせっしゅ</rt></ruby>",
健康診断を受けたい。,I'd like to have a health checkup.,健康診断,健康【けんこう】診断【しんだん】を受【う】けたい。,Medical,polite,health,"<ruby class=""vocab"">健康診断<rt>けんこうしんだん</rt></ruby>",
人間ドックの予約を取りたい。,I'd like to schedule a complete checkup.,人間ドック,人間【にんげん】ドックの予約【よやく】を取【と】りたい。,Medical,polite,comprehensive checkup,"<ruby class=""vocab"">人間ドック<rt>にんげんドック</rt></ruby>",
おうちでゆっくり休んでね。,Rest well at home.,休む,おうちでゆっくり休【やす】んでね。,Medical,polite,rest,"<ruby class=""vocab"">休む<rt><span class=""pitch-l"">や</span><span class=""pitch-h"">す</span><span class=""pitch-l"">む</span></rt></ruby>",
無理しないでね。,Don't overdo it.,休む,無理【むり】しないでね。,Medical,polite,rest,"<ruby class=""vocab"">休む<rt><span class=""pitch-l"">や</span><span class=""pitch-h"">す</span><span class=""pitch-l"">む</span></rt></ruby>",
早く良くなってね。,Get well soon.,良くなる,早【はや】く良【よ】くなってね。,Medical,polite,get better,"<ruby class=""vocab"">良くなる<rt>よくなる</rt></ruby>",
心配しないで大丈夫だよ。,Don't worry it'll be fine.,心配,心配【しんぱい】しないで大丈夫【だいじょうぶ】だよ。,Medical,polite,worry,"<ruby class=""vocab"">心配<rt><span class=""pitch-l"">し</span><span class=""pitch-h"">ん</span><span class=""pitch-h"">ぱ</span><span class=""pitch-h"">い</span></rt></ruby>",
何かあったらすぐ電話して。,Call right away if something happens.,心配,何【なん】かあったらすぐ電話【でんわ】して。,Medical,polite,worry,"<ruby class=""vocab"">心配<rt><span class=""pitch-l"">し</span><span class=""pitch-h"">ん</span><span class=""pitch-h"">ぱ</span><span class=""pitch-h"">い</span></rt></ruby>",
具合どう?,How are you feeling?,具合,具合【ぐあい】どう?,Medical,polite,condition,"<ruby class=""vocab"">具合<rt><span class=""pitch-l"">ぐ</span><span class=""pitch-h"">あ</span><span class=""pitch-h"">い</span></rt></ruby>",
少し良くなった?,Do you feel a little better?,少し,少【すこ】し良【よ】くなった?,Medical,polite,a little,"<ruby class=""vocab"">少し<rt><span class=""pitch-l"">す</span><span class=""pitch-h"">こ</span><span class=""pitch-l"">し</span></rt></ruby>",
まだ熱がある?,Do you still have a fever?,熱,まだ熱【ねつ】がある?,Medical,polite,fever,"<ruby class=""vocab"">熱<rt><span class=""pitch-l"">ね</span><span class=""pitch-h"">つ</span></rt></ruby>",
ご飯食べられそう?,Do you think you can eat?,ご飯,ご飯【ごはん】食【た】べられそう?,Medical,polite,meal,"<ruby class=""vocab"">ご飯<rt><span class=""pitch-h"">ご</span><span class=""pitch-l"">は</span><span class=""pitch-l"">ん</span></rt></ruby>",
何か食べたいものある?,Is there anything you want to eat?,何か,何【なん】か食【た】べたいものある?,Medical,polite,something,"<ruby class=""vocab"">何か<rt>なんか</rt></ruby>",
おかゆを作ろうか?,Shall I make rice porridge?,おかゆ,おかゆを作【つく】ろうか?,Medical,polite,porridge,"<span class=""vocab"">おかゆ</span>",
氷枕を持ってくるね。,I'll bring an ice pillow.,氷枕,氷枕【こおりまくら】を持【も】ってくるね。,Medical,polite,ice pillow,"<ruby class=""vocab"">氷枕<rt><span class=""pitch-l"">こ</span><span class=""pitch-h"">お</span><span class=""pitch-h"">り</span><span class=""pitch-h"">ま</span><span class=""pitch-l"">く</span><span class=""pitch-l"">ら</span></rt></ruby>",
熱冷ましシートを貼ろう。,Let's put on a cooling sheet.,熱冷ましシート,熱冷【ねつさ】ましシートを貼【は】ろう。,Medical,polite,cooling sheet,"<ruby class=""vocab"">熱冷ましシート<rt>ねつさましシート</rt></ruby>",
水分を取ってね。,Stay hydrated.,水分,水分【すいぶん】を取【と】ってね。,Medical,polite,fluids,"<ruby class=""vocab"">水分<rt><span class=""pitch-h"">す</span><span class=""pitch-l"">い</span><span class=""pitch-l"">ぶ</span><span class=""pitch-l"">ん</span></rt></ruby>",
スポーツドリンクを飲んで。,Drink sports drinks.,水分,スポーツドリンクを飲【の】んで。,Medical,polite,fluids,"<ruby class=""vocab"">水分<rt><span class=""pitch-h"">す</span><span class=""pitch-l"">い</span><span class=""pitch-l"">ぶ</span><span class=""pitch-l"">ん</span></rt></ruby>",
トイレに行きたい時は呼んでね。,Call me when you need to go to the bathroom.,トイレ,トイレに行【い】きたい時【とき】は呼【よ】んでね。,Medical,polite,bathroom,"<ruby class=""vocab"">トイレ<rt><span class=""pitch-h"">と</span><span class=""pitch-l"">い</span><span class=""pitch-l"">れ</span></rt></ruby>",
寒かったら言ってね。,Tell me if you're cold.,寒い,寒【さむ】かったら言【い】ってね。,Medical,polite,cold,"<ruby class=""vocab"">寒い<rt><span class=""pitch-l"">さ</span><span class=""pitch-h"">む</span><span class=""pitch-l"">い</span></rt></ruby>",
汗をかいたら着替えようね。,Let's change if you sweat.,汗,汗【あせ】をかいたら着替【きが】えようね。,Medical,polite,sweat,"<ruby class=""vocab"">汗<rt><span class=""pitch-h"">あ</span><span class=""pitch-l"">せ</span></rt></ruby>",
掃除機をかけてもいいですか?,May I vacuum now?,掃除機,掃除【そうじ】機【き】をかけてもいいですか?,Cleaning,polite,vacuum,"<ruby class=""vocab"">掃除機<rt>そうじき</rt></ruby>",
床を拭かなきゃ。,I need to mop the floor.,床,床【ゆか】を拭【ふ】かなきゃ。,Cleaning,polite,floor,"<ruby class=""vocab"">床<rt><span class=""pitch-l"">ゆ</span><span class=""pitch-h"">か</span></rt></ruby>",
ほこりがたまっている。,Dust has accumulated.,ほこり,ほこりがたまっている。,Cleaning,polite,dust,"<span class=""vocab""><span class=""pitch-l"">ほ</span><span class=""pitch-h"">こ</span><span class=""pitch-h"">り</span></span>",
窓を拭きましょう。,Let's clean the windows.,窓,窓【まど】を拭【ふ】きましょう。,Cleaning,polite,window,"<ruby class=""vocab"">窓<rt><span class=""pitch-h"">ま</span><span class=""pitch-l"">ど</span></rt></ruby>",
ゴミを出すのを忘れないで。,Don't forget to take out the trash.,ゴミ,ゴミを出【だ】すのを忘【わす】れないで。,Cleaning,polite,trash,"<ruby class=""vocab"">ゴミ<rt><span class=""pitch-l"">ご</span><span class=""pitch-h"">み</span></rt></ruby>",
今日は燃えるゴミの日です。,Today is burnable trash day.,燃えるゴミ,今日【きょう】は燃【も】えるゴミの日【ひ】です。,Cleaning,polite,burnable trash,"<ruby class=""vocab"">燃えるゴミ<rt>もえるゴミ</rt></ruby>",
資源ゴミはいつ出しますか?,When do we put out recyclables?,資源ゴミ,資源【しげん】ゴミはいつ出【だ】しますか?,Cleaning,polite,recyclables,"<ruby class=""vocab"">資源ゴミ<rt>しげんゴミ</rt></ruby>",
お風呂を掃除しなきゃ。,I need to clean the bath.,お風呂,お風呂【ふろ】を掃除【そうじ】しなきゃ。,Cleaning,polite,bath,"<ruby class=""vocab"">お風呂<rt>ふろ</rt></ruby>",
トイレ掃除は終わりました。,I finished cleaning the toilet.,トイレ掃除,トイレ掃除【そうじ】は終【お】わりました。,Cleaning,polite,toilet cleaning,"<ruby class=""vocab"">トイレ掃除<rt>そうじ</rt></ruby>",
洗剤が切れそうです。,We're almost out of detergent.,洗剤,洗剤【せんざい】が切【き】れそうです。,Cleaning,polite,detergent,"<ruby class=""vocab"">洗剤<rt><span class=""pitch-l"">せ</span><span class=""pitch-h"">ん</span><span class=""pitch-h"">ざ</span><span class=""pitch-h"">い</span></rt></ruby>",
雑巾はどこですか?,Where is the cleaning cloth?,雑巾,雑巾【ぞうきん】はどこですか?,Cleaning,polite,cleaning cloth,"<ruby class=""vocab"">雑巾<rt><span class=""pitch-l"">ぞ</span><span class=""pitch-h"">う</span><span class=""pitch-h"">き</span><span class=""pitch-h"">ん</span></rt></ruby>",
カビが生えている。,There's mold growing.,カビ,カビが生【は】えている。,Cleaning,polite,mold,"<ruby class=""vocab"">カビ<rt><span class=""pitch-l"">か</span><span class=""pitch-h"">び</span></rt></ruby>",
換気をしましょう。,Let's ventilate the room.,換気,換気【かんき】をしましょう。,Cleaning,polite,ventilation,"<ruby class=""vocab"">換気<rt><span class=""pitch-l"">か</span><span class=""pitch-h"">ん</span><span class=""pitch-h"">き</span></rt></ruby>",
掃除機の紙パックを交換して。,Change the vacuum bag.,紙パック,掃除【そうじ】機【き】の紙【かみ】パックを交換【こうかん】して。,Cleaning,polite,vacuum bag,"<ruby class=""vocab"">紙パック<rt>かみパック</rt></ruby>",
ベランダを掃除します。,I'll clean the balcony.,ベランダ,ベランダを掃除【そうじ】します。,Cleaning,polite,balcony,"<ruby class=""vocab"">ベランダ<rt><span class=""pitch-l"">べ</span><span class=""pitch-h"">ら</span><span class=""pitch-h"">ん</span><span class=""pitch-h"">だ</span></rt></ruby>",
玄関を掃きましょう。,Let's sweep the entrance.,玄関,玄関【げんかん】を掃【は】きましょう。,Cleaning,polite,entrance,"<ruby class=""vocab"">玄関<rt><span class=""pitch-h"">げ</span><span class=""pitch-l"">ん</span><span class=""pitch-l"">か</span><span class=""pitch-l"">ん</span></rt></ruby>",
ゴミ袋を買わなきゃ。,I need to buy garbage bags.,ゴミ袋,ゴミ袋【ぶくろ】を買【か】わなきゃ。,Cleaning,polite,garbage bag,"<ruby class=""vocab"">ゴミ袋<rt><span class=""pitch-l"">ぶ</span><span class=""pitch-h"">く</span><span class=""pitch-h"">ろ</span></rt></ruby>",
粗大ゴミの申し込みをした?,Did you apply for bulk trash pickup?,粗大ゴミ,粗大【そだい】ゴミの申【もう】し込【こ】みをした?,Cleaning,polite,bulk trash,"<ruby class=""vocab"">粗大ゴミ<rt>そだいゴミ</rt></ruby>",
シンクがピカピカになった。,The sink is sparkling clean.,シンク,シンクがピカピカになった。,Cleaning,polite,sink,"<ruby class=""vocab"">シンク<rt><span class=""pitch-h"">し</span><span class=""pitch-l"">ん</span><span class=""pitch-l"">く</span></rt></ruby>",
エアコンのフィルターを掃除して。,Clean the air conditioner filter.,フィルター,エアコンのフィルターを掃除【そうじ】して。,Cleaning,polite,filter,"<ruby class=""vocab"">フィルター<rt><span class=""pitch-l"">ふぃ</span><span class=""pitch-h"">る</span><span class=""pitch-h"">た</span><span class=""pitch-h"">ー</span></rt></ruby>",
クレジットカードでお願いします。,Credit card please.,クレジットカード,クレジットカードでお願【ねが】いします。,Shopping,polite,credit card,"<span class=""vocab"">クレジットカード</span>",
電子マネーは使えますか?,Can I use electronic money?,電子マネー,電子【でんし】マネーは使【つか】えますか?,Shopping,polite,electronic money,"<ruby class=""vocab"">電子マネー<rt>でんしマネー</rt></ruby>",
PayPayで払えますか?,Can I pay with PayPay?,PayPay,PayPayで払【はら】えますか?,Shopping,polite,PayPay,"<span class=""vocab"">PayPay</span>",
現金のみですか?,Cash only?,現金,現金【げんきん】のみですか?,Shopping,polite,cash,"<ruby class=""vocab"">現金<rt><span class=""pitch-l"">げ</span><span class=""pitch-h"">ん</span><span class=""pitch-h"">き</span><span class=""pitch-l"">ん</span></rt></ruby>",
お釣りはいりません。,Keep the change.,お釣り,お釣【つ】りはいりません。,Shopping,polite,change,"<ruby class=""vocab"">お釣り<rt>おつり</rt></ruby>",
レシートをください。,Receipt please.,レシート,レシートをください。,Shopping,polite,receipt,"<ruby class=""vocab"">レシート<rt><span class=""pitch-l"">れ</span><span class=""pitch-h"">し</span><span class=""pitch-l"">ー</span><span class=""pitch-l"">と</span></rt></ruby>",
領収書をお願いします。,I need a receipt.,領収書,領収【りょうしゅう】書【しょ】をお願【ねが】いします。,Shopping,polite,receipt,"<ruby class=""vocab"">領収書<rt>りょうしゅうしょ</rt></ruby>",
割引はありますか?,Is there a discount?,割引,割引【わりびき】はありますか?,Shopping,polite,discount,"<ruby class=""vocab"">割引<rt><span class=""pitch-l"">わ</span><span class=""pitch-h"">り</span><span class=""pitch-h"">び</span><span class=""pitch-h"">き</span></rt></ruby>",
セール中ですか?,Is it on sale?,セール中,セール中【ちゅう】ですか?,Shopping,polite,on sale,"<ruby class=""vocab"">セール中<rt>ちゅう</rt></ruby>",
まとめ買いで安くなりますか?,Is there a bulk discount?,まとめ買い,まとめ買【まとめが】いで安【やす】くなりますか?,Shopping,polite,bulk buying,"<ruby class=""vocab"">まとめ買い<rt><span class=""pitch-l"">ま</span><span class=""pitch-h"">と</span><span class=""pitch-h"">め</span><span class=""pitch-h"">ま</span><span class=""pitch-h"">と</span><span class=""pitch-h"">め</span><span class=""pitch-h"">が</span><span class=""pitch-h"">い</span></rt></ruby>",
他の色はありますか?,Do you have other colors?,色,他【ほか】の色【いろ】はありますか?,Shopping,polite,color,"<ruby class=""vocab"">色<rt><span class=""pitch-l"">い</span><span class=""pitch-h"">ろ</span></rt></ruby>",
在庫はありますか?,Do you have it in stock?,在庫,在庫【ざいこ】はありますか?,Shopping,polite,stock,"<ruby class=""vocab"">在庫<rt><span class=""pitch-l"">ざ</span><span class=""pitch-h"">い</span><span class=""pitch-h"">こ</span></rt></ruby>",
取り寄せできますか?,Can you order it?,取り寄せ,取【と】り寄【よ】せできますか?,Shopping,polite,order,"<ruby class=""vocab"">取り寄せ<rt><span class=""pitch-l"">と</span><span class=""pitch-h"">り</span><span class=""pitch-h"">よ</span><span class=""pitch-h"">せ</span></rt></ruby>",
いつ届きますか?,When will it arrive?,届く,いつ届【とど】きますか?,Shopping,polite,arrive,"<ruby class=""vocab"">届く<rt><span class=""pitch-l"">と</span><span class=""pitch-h"">ど</span><span class=""pitch-l"">く</span></rt></ruby>",
ギフト用に包んでもらえますか?,Can you gift wrap it?,ギフト用,ギフト用【よう】に包【つつ】んでもらえますか?,Shopping,polite,gift,"<ruby class=""vocab"">ギフト用<rt>よう</rt></ruby>",
別々に包んでください。,Please wrap them separately.,別々,別々【べつべつ】に包【つつ】んでください。,Shopping,polite,separately,"<ruby class=""vocab"">別々<rt><span class=""pitch-l"">べ</span><span class=""pitch-h"">つ</span><span class=""pitch-h"">べ</span><span class=""pitch-h"">つ</span></rt></ruby>",
紙袋をもう一枚もらえますか?,Can I have another paper bag?,紙袋,紙袋【かみぶくろ】をもう一【いっ】枚【まい】もらえますか?,Shopping,polite,paper bag,"<ruby class=""vocab"">紙袋<rt><span class=""pitch-l"">か</span><span class=""pitch-h"">み</span><span class=""pitch-h"">ぶ</span><span class=""pitch-l"">く</span><span class=""pitch-l"">ろ</span></rt></ruby>",
これは壊れやすいです。,This is fragile.,壊れやすい,これは壊【こわ】れやすいです。,Shopping,polite,fragile,"<ruby class=""vocab"">壊れやすい<rt>こわれやすい</rt></ruby>",
重いので配送をお願いします。,It's heavy so please deliver it.,配送,重【おも】いので配送【はいそう】をお願【ねが】いします。,Shopping,polite,delivery,"<ruby class=""vocab"">配送<rt><span class=""pitch-l"">は</span><span class=""pitch-h"">い</span><span class=""pitch-h"">そ</span><span class=""pitch-h"">う</span></rt></ruby>",
今日届きますか?,Will it arrive today?,今日,今日【きょう】届【とど】きますか?,Shopping,polite,today,"<ruby class=""vocab"">今日<rt><span class=""pitch-h"">きょ</span><span class=""pitch-l"">う</span></rt></ruby>",
午前中に届けてください。,Please deliver in the morning.,午前中,午前【ごぜん】中【ちゅう】に届【とど】けてください。,Shopping,polite,deliver,"<ruby class=""vocab"">午前中<rt>ごぜんちゅう</rt></ruby>",
不在の場合は置いといてください。,If I'm not home please leave it.,不在の場合,不在【ふざい】の場合【ばあい】は置【お】いといてください。,Shopping,polite,if absent,"<ruby class=""vocab"">不在の場合<rt>ふざいのばあい</rt></ruby>",
定期購入を申し込みたい。,I'd like to sign up for regular delivery.,定期購入,定期【ていき】購入【こうにゅう】を申【もう】し込【こ】みたい。,Shopping,polite,subscription,"<ruby class=""vocab"">定期購入<rt>ていきこうにゅう</rt></ruby>",
解約したいのですが。,I'd like to cancel.,解約,解約【かいやく】したいのですが。,Shopping,polite,cancellation,"<ruby class=""vocab"">解約<rt><span class=""pitch-l"">か</span><span class=""pitch-h"">い</span><span class=""pitch-h"">や</span><span class=""pitch-h"">く</span></rt></ruby>",
返品期限はいつまでですか?,What is the return deadline?,返品期限,返品【へんぴん】期限【きげん】はいつまでですか?,Shopping,polite,return,"<ruby class=""vocab"">返品期限<rt>へんぴんきげん</rt></ruby>",
交換の手続きを教えてください。,Please tell me the exchange procedure.,手続き,交換【こうかん】の手続【てつづ】きを教【おし】えてください。,Shopping,polite,procedure,"<ruby class=""vocab"">手続き<rt><span class=""pitch-l"">て</span><span class=""pitch-h"">つ</span><span class=""pitch-l"">づ</span><span class=""pitch-l"">き</span></rt></ruby>",
不良品だったので返金してください。,It was defective so please refund.,手続き,不良【ふりょう】品【ひん】だったので返金【へんきん】してください。,Shopping,polite,procedure,"<ruby class=""vocab"">手続き<rt><span class=""pitch-l"">て</span><span class=""pitch-h"">つ</span><span class=""pitch-l"">づ</span><span class=""pitch-l"">き</span></rt></ruby>",
サイズが合わなかった。,The size didn't fit.,サイズ,サイズが合【あ】わなかった。,Shopping,polite,size,"<ruby class=""vocab"">サイズ<rt><span class=""pitch-h"">さ</span><span class=""pitch-l"">い</span><span class=""pitch-l"">ず</span></rt></ruby>",
思っていたのと違った。,It was different from what I expected.,違う,思【おも】っていたのと違【ちが】った。,Shopping,polite,different,"<ruby class=""vocab"">違う<rt><span class=""pitch-l"">ち</span><span class=""pitch-h"">が</span><span class=""pitch-h"">う</span></rt></ruby>",
写真と違う商品が届いた。,A different product from the photo arrived.,商品,写真【しゃしん】と違【ちが】う商品【しょうひん】が届【とど】いた。,Shopping,polite,product,"<ruby class=""vocab"">商品<rt><span class=""pitch-h"">しょ</span><span class=""pitch-l"">う</span><span class=""pitch-l"">ひ</span><span class=""pitch-l"">ん</span></rt></ruby>",
商品が届かない。,The product hasn't arrived.,商品,商品【しょうひん】が届【とど】かない。,Shopping,polite,product,"<ruby class=""vocab"">商品<rt><span class=""pitch-h"">しょ</span><span class=""pitch-l"">う</span><span class=""pitch-l"">ひ</span><span class=""pitch-l"">ん</span></rt></ruby>",
配送状況を確認したい。,I want to check the delivery status.,配送状況,配送【はいそう】状況【じょうきょう】を確認【かくにん】したい。,Shopping,polite,delivery status,"<ruby class=""vocab"">配送状況<rt>はいそうじょうきょう</rt></ruby>",
カスタマーサービスに連絡したい。,I want to contact customer service.,配送状況,カスタマーサービスに連絡【れんらく】したい。,Shopping,polite,delivery status,"<span class=""vocab"">配送状況</span>",
問い合わせ番号を教えてください。,Please tell me the inquiry number.,問い合わせ番号,問【と】い合【あ】わせ番号【ばんごう】を教【おし】えてください。,Shopping,polite,inquiry number,"<ruby class=""vocab"">問い合わせ番号<rt>といあわせばんごう</rt></ruby>",
口コミを見て買った。,I bought it after reading reviews.,口コミ,口コミ【くちこみ】を見【み】て買【か】った。,Shopping,polite,reviews,"<ruby class=""vocab"">口コミ<rt><span class=""pitch-l"">く</span><span class=""pitch-h"">ち</span><span class=""pitch-h"">こ</span><span class=""pitch-h"">み</span></rt></ruby>",
評価が高かったので。,Because it had high ratings.,評価,評価【ひょうか】が高【たか】かったので。,Shopping,polite,rating,"<ruby class=""vocab"">評価<rt><span class=""pitch-h"">ひょ</span><span class=""pitch-l"">う</span><span class=""pitch-l"">か</span></rt></ruby>",
お気に入りに登録した。,I added it to my favorites.,お気に入り,お気【き】に入【はい】りに登録【とうろく】した。,Shopping,polite,favorites,"<ruby class=""vocab"">お気に入り<rt>おきにはいり</rt></ruby>",
カートに入れたままだった。,I left it in my cart.,カート,カートに入【い】れたままだった。,Shopping,polite,cart,"<ruby class=""vocab"">カート<rt><span class=""pitch-h"">か</span><span class=""pitch-l"">ー</span><span class=""pitch-l"">と</span></rt></ruby>",
売り切れになってた。,It was sold out.,売り切れ,売【う】り切【き】れになってた。,Shopping,polite,sold out,"<ruby class=""vocab"">売り切れ<rt><span class=""pitch-l"">う</span><span class=""pitch-h"">り</span><span class=""pitch-h"">き</span><span class=""pitch-h"">れ</span></rt></ruby>",
再入荷通知を設定した。,I set up a restock notification.,再入荷通知,再【さい】入荷【にゅうか】通知【つうち】を設定【せってい】した。,Shopping,polite,restock notification,"<ruby class=""vocab"">再入荷通知<rt>さいにゅうかつうち</rt></ruby>",
クーポンを使いたい。,I want to use a coupon.,クーポン,クーポンを使【つか】いたい。,Shopping,polite,coupon,"<ruby class=""vocab"">クーポン<rt><span class=""pitch-h"">く</span><span class=""pitch-l"">ー</span><span class=""pitch-l"">ぽ</span><span class=""pitch-l"">ん</span></rt></ruby>",
ポイントを使って払います。,I'll pay with points.,ポイント,ポイントを使【つか】って払【はら】います。,Shopping,polite,point card,"<ruby class=""vocab"">ポイント<rt><span class=""pitch-l"">ぽ</span><span class=""pitch-h"">い</span><span class=""pitch-h"">ん</span><span class=""pitch-h"">と</span></rt></ruby>",
送料無料になるまであと少し。,Just a little more for free shipping.,送料無料,送料【そうりょう】無料【むりょう】になるまであと少【すこ】し。,Shopping,polite,free shipping,"<ruby class=""vocab"">送料無料<rt>そうりょうむりょう</rt></ruby>",
お買い物マラソン中だね。,It's a shopping marathon.,お買い物マラソン,お買【か】い物【もの】マラソン中【ちゅう】だね。,Shopping,polite,shopping marathon,"<ruby class=""vocab"">お買い物マラソン<rt>おかいものマラソン</rt></ruby>",
タイムセールを狙おう。,Let's aim for the time sale.,タイムセール,タイムセールを狙【ねら】おう。,Shopping,polite,time sale,"<span class=""vocab"">タイムセール</span>",
ポイント還元率がいい。,The point return rate is good.,ポイント還元率,ポイント還元【かんげん】率【りつ】がいい。,Shopping,polite,point return rate,"<ruby class=""vocab"">ポイント還元率<rt>ポイントかんげんりつ</rt></ruby>",
比較してから買おう。,Let's compare before buying.,比較,比較【ひかく】してから買【か】おう。,Shopping,polite,compare,"<ruby class=""vocab"">比較<rt><span class=""pitch-l"">ひ</span><span class=""pitch-h"">か</span><span class=""pitch-h"">く</span></rt></ruby>",
最安値を探して。,Find the lowest price.,最安値,最【さい】安値【やすね】を探【さが】して。,Shopping,polite,find,"<ruby class=""vocab"">最安値<rt>さいやすね</rt></ruby>",
偽物に気をつけて。,Be careful of fakes.,偽物,偽物【にせもの】に気【き】をつけて。,Shopping,polite,fake,"<ruby class=""vocab"">偽物<rt><span class=""pitch-l"">に</span><span class=""pitch-h"">せ</span><span class=""pitch-h"">も</span><span class=""pitch-h"">の</span></rt></ruby>",
公式サイトで買った方がいい。,It's better to buy from the official site.,公式サイト,公式【こうしき】サイトで買【か】った方【ほう】がいい。,Shopping,polite,official site,"<ruby class=""vocab"">公式サイト<rt>こうしきサイト</rt></ruby>",
ママ友とランチに行ってくる。,I'm going to lunch with mom friends.,ママ友,ママ友【とも】とランチに行【い】ってくる。,Social,polite,mom friends,"<ruby class=""vocab"">ママ友<rt>とも</rt></ruby>",
公園で会おう。,Let's meet at the park.,ママ友,公園【こうえん】で会【あ】おう。,Social,polite,mom friends,"<span class=""vocab"">ママ友</span>",
子供を預かってもらえる?,Can you watch my child?,子供,子供【こども】を預【あず】かってもらえる?,Social,polite,children,"<ruby class=""vocab"">子供<rt><span class=""pitch-l"">こ</span><span class=""pitch-h"">ど</span><span class=""pitch-h"">も</span></rt></ruby>",
お互い様だよ。,We help each other.,お互い様,お互【たが】い様【さま】だよ。,Social,polite,mutual help,"<ruby class=""vocab"">お互い様<rt>おたがいさま</rt></ruby>",
いつもありがとう。,Thank you as always.,いつも,いつもありがとう。,Social,polite,always,"<span class=""vocab"">いつも</span>",
お返しに何か持っていくね。,I'll bring something in return.,お返し,お返【がえ】しに何【なん】か持【も】っていくね。,Social,polite,return gift,"<ruby class=""vocab"">お返し<rt>おがえし</rt></ruby>",
手作りのお菓子を焼いたの。,I baked homemade sweets.,お菓子,手作【てづく】りのお菓子【かし】を焼【や】いたの。,Social,polite,sweets,"<ruby class=""vocab"">お菓子<rt>かし</rt></ruby>",
よかったら食べてね。,Please have some if you'd like.,食べる,よかったら食【た】べてね。,Social,polite,eat,"<ruby class=""vocab"">食べる<rt><span class=""pitch-l"">た</span><span class=""pitch-h"">べ</span><span class=""pitch-l"">る</span></rt></ruby>",
お口に合うといいけど。,I hope it suits your taste.,お口に合う,お口【くち】に合【あ】うといいけど。,Social,polite,suit taste,"<ruby class=""vocab"">お口に合う<rt>おくちにあう</rt></ruby>",
レシピを教えてもらえる?,Can you teach me the recipe?,レシピ,レシピを教【おし】えてもらえる?,Social,polite,recipe,"<ruby class=""vocab"">レシピ<rt><span class=""pitch-h"">れ</span><span class=""pitch-l"">し</span><span class=""pitch-l"">ぴ</span></rt></ruby>",
どうやって作るの?,How do you make it?,作,どうやって作【つく】るの?,Social,polite,meal prep,"<ruby class=""vocab"">作<rt>つく</rt></ruby>",
コツはなに?,What's the trick?,コツ,コツはなに?,Social,polite,what's,"<ruby class=""vocab"">コツ<rt><span class=""pitch-l"">こ</span><span class=""pitch-h"">つ</span></rt></ruby>",
すごく美味しい!,It's so delicious!,美味,すごく美味【おい】しい!,Social,polite,delicious,"<ruby class=""vocab"">美味<rt><span class=""pitch-h"">お</span><span class=""pitch-l"">い</span></rt></ruby>",
また作ってね。,Make it again.,作る,また作【つく】ってね。,Social,polite,make,"<ruby class=""vocab"">作る<rt><span class=""pitch-l"">つ</span><span class=""pitch-h"">く</span><span class=""pitch-l"">る</span></rt></ruby>",
今度一緒に作ろう。,Let's make it together next time.,一緒,今度【こんど】一緒【いっしょ】に作【つく】ろう。,Social,polite,together,"<ruby class=""vocab"">一緒<rt><span class=""pitch-l"">い</span><span class=""pitch-h"">っ</span><span class=""pitch-h"">しょ</span></rt></ruby>",
習い事の情報を教えて。,Tell me about lessons.,習い事,習【なら】い事【ごと】の情報【じょうほう】を教【おし】えて。,Social,polite,lessons,"<ruby class=""vocab"">習い事<rt><span class=""pitch-l"">な</span><span class=""pitch-h"">ら</span><span class=""pitch-h"">い</span><span class=""pitch-h"">ご</span><span class=""pitch-h"">と</span></rt></ruby>",
いい先生がいるって聞いた。,I heard there's a good teacher.,先生,いい先生【せんせい】がいるって聞【き】いた。,Social,polite,teacher,"<ruby class=""vocab"">先生<rt><span class=""pitch-l"">せ</span><span class=""pitch-h"">ん</span><span class=""pitch-h"">せ</span><span class=""pitch-l"">い</span></rt></ruby>",
月謝はいくら?,How much is the monthly fee?,月謝,月謝【げっしゃ】はいくら?,Social,polite,monthly fee,"<ruby class=""vocab"">月謝<rt><span class=""pitch-l"">げ</span><span class=""pitch-h"">っ</span><span class=""pitch-h"">しゃ</span></rt></ruby>",
送り迎えは大変?,Is driving back and forth hard?,送り迎え,送【おく】り迎【むか】えは大変【たいへん】?,Social,polite,pickup/dropoff,"<ruby class=""vocab"">送り迎え<rt><span class=""pitch-l"">お</span><span class=""pitch-h"">く</span><span class=""pitch-h"">り</span><span class=""pitch-h"">む</span><span class=""pitch-h"">か</span><span class=""pitch-h"">え</span></rt></ruby>",
発表会はいつ?,When is the recital?,発表会,発表【はっぴょう】会【かい】はいつ?,Social,polite,recital,"<ruby class=""vocab"">発表会<rt>はっぴょうかい</rt></ruby>",
見に行ってもいい?,Can I come watch?,見に行く,見【み】に行【い】ってもいい?,Social,polite,go see,"<ruby class=""vocab"">見に行く<rt>みにいく</rt></ruby>",
応援に行くね。,I'll come cheer.,応援,応援【おうえん】に行【い】くね。,Social,polite,cheering,"<ruby class=""vocab"">応援<rt><span class=""pitch-l"">お</span><span class=""pitch-h"">う</span><span class=""pitch-h"">え</span><span class=""pitch-h"">ん</span></rt></ruby>",
写真を撮ってもいい?,Can I take a photo?,写真,写真【しゃしん】を撮【と】ってもいい?,Social,polite,photograph,"<ruby class=""vocab"">写真<rt><span class=""pitch-l"">しゃ</span><span class=""pitch-h"">し</span><span class=""pitch-h"">ん</span></rt></ruby>",
動画を送るね。,I'll send the video.,動画,動画【どうが】を送【おく】るね。,Social,polite,video,"<ruby class=""vocab"">動画<rt><span class=""pitch-l"">ど</span><span class=""pitch-h"">う</span><span class=""pitch-h"">が</span></rt></ruby>",
LINEで送って。,Send it via LINE.,送る,LINEで送【おく】って。,Social,polite,send,"<ruby class=""vocab"">送る<rt><span class=""pitch-l"">お</span><span class=""pitch-h"">く</span><span class=""pitch-h"">る</span></rt></ruby>",
グループに入れてもらえる?,Can you add me to the group?,グループ,グループに入【い】れてもらえる?,Social,polite,group,"<ruby class=""vocab"">グループ<rt><span class=""pitch-l"">ぐ</span><span class=""pitch-h"">る</span><span class=""pitch-l"">ー</span><span class=""pitch-l"">ぷ</span></rt></ruby>",
返事が遅くなってごめんね。,Sorry for the late reply.,返事,返事【へんじ】が遅【おそ】くなってごめんね。,Social,polite,sorry,"<ruby class=""vocab"">返事<rt><span class=""pitch-l"">へ</span><span class=""pitch-h"">ん</span><span class=""pitch-h"">じ</span></rt></ruby>",
既読スルーしてた。,I read it but forgot to reply.,既読スルー,既読【きどく】スルーしてた。,Social,polite,read but not reply,"<ruby class=""vocab"">既読スルー<rt>きどくスルー</rt></ruby>",
また今度ゆっくり話そう。,Let's talk properly next time.,今度,また今度【こんど】ゆっくり話【はな】そう。,Social,polite,next time,"<ruby class=""vocab"">今度<rt><span class=""pitch-h"">こ</span><span class=""pitch-l"">ん</span><span class=""pitch-l"">ど</span></rt></ruby>",
飲み会はちょっと。,I'll pass on the drinking party.,飲み会,飲【の】み会【かい】はちょっと。,Social,polite,drinking party,"<ruby class=""vocab"">飲み会<rt><span class=""pitch-l"">の</span><span class=""pitch-h"">み</span><span class=""pitch-h"">か</span><span class=""pitch-h"">い</span></rt></ruby>",
子供がいるから難しいな。,It's difficult with kids.,子供,子供【こども】がいるから難【むずか】しいな。,Social,polite,children,"<ruby class=""vocab"">子供<rt><span class=""pitch-l"">こ</span><span class=""pitch-h"">ど</span><span class=""pitch-h"">も</span></rt></ruby>",
預けられたら行けるんだけど。,I could go if I could find childcare.,預ける,預【あず】けられたら行【い】けるんだけど。,Social,polite,leave/entrust,"<ruby class=""vocab"">預ける<rt><span class=""pitch-l"">あ</span><span class=""pitch-h"">ず</span><span class=""pitch-h"">け</span><span class=""pitch-l"">る</span></rt></ruby>",
旦那に聞いてみるね。,I'll ask my husband.,旦那,旦那【だんな】に聞【き】いてみるね。,Social,polite,husband,"<ruby class=""vocab"">旦那<rt>だんな</rt></ruby>",
土日なら大丈夫かも。,Weekends might work.,土日,土日【どにち】なら大丈夫【だいじょうぶ】かも。,Social,polite,weekends,"<ruby class=""vocab"">土日<rt><span class=""pitch-l"">ど</span><span class=""pitch-h"">に</span><span class=""pitch-h"">ち</span></rt></ruby>",
平日は忙しいんだ。,Weekdays are busy.,平日,平日【へいじつ】は忙【いそが】しいんだ。,Social,polite,weekdays,"<ruby class=""vocab"">平日<rt><span class=""pitch-l"">へ</span><span class=""pitch-h"">い</span><span class=""pitch-h"">じ</span><span class=""pitch-h"">つ</span></rt></ruby>",
また誘ってね。,Invite me again.,誘,また誘【さそ】ってね。,Social,polite,invite,"<ruby class=""vocab"">誘<rt><span class=""pitch-l"">さ</span><span class=""pitch-h"">そ</span></rt></ruby>",
楽しかったね。,It was fun.,楽,楽【たの】しかったね。,Social,polite,fun,"<ruby class=""vocab"">楽<rt>たの</rt></ruby>",
久しぶりに息抜きできた。,I was able to relax for the first time in a while.,久しぶり,久【ひさ】しぶりに息抜【いきぬ】きできた。,Social,polite,first time in a while,"<ruby class=""vocab"">久しぶり<rt>ひさしぶり</rt></ruby>",
ストレス発散になった。,It was stress relief.,ストレス発散,ストレス発散【はっさん】になった。,Social,polite,stress relief,"<ruby class=""vocab"">ストレス発散<rt>はっさん</rt></ruby>",
また行こうね。,Let's go again.,行く,また行【い】こうね。,Social,polite,go,"<ruby class=""vocab"">行く<rt><span class=""pitch-l"">い</span><span class=""pitch-h"">く</span></rt></ruby>",
子育ての相談していい?,Can I ask for parenting advice?,相談,子育【こそだ】ての相談【そうだん】していい?,Social,polite,consultation,"<ruby class=""vocab"">相談<rt><span class=""pitch-l"">そ</span><span class=""pitch-h"">う</span><span class=""pitch-h"">だ</span><span class=""pitch-h"">ん</span></rt></ruby>",
うちの子もそうだった。,My kid was the same.,子,うちの子【こ】もそうだった。,Social,polite,child,"<ruby class=""vocab"">子<rt><span class=""pitch-l"">こ</span></rt></ruby>",
そのうち落ち着くよ。,They'll settle down eventually.,落ち着く,そのうち落【お】ち着【つ】くよ。,Social,polite,settle down,"<ruby class=""vocab"">落ち着く<rt><span class=""pitch-l"">お</span><span class=""pitch-h"">ち</span><span class=""pitch-h"">つ</span><span class=""pitch-h"">く</span></rt></ruby>",
大変だよね、分かる。,It's hard I understand.,大変,大変【たいへん】だよね、分【わ】かる。,Social,polite,hard,"<ruby class=""vocab"">大変<rt><span class=""pitch-l"">た</span><span class=""pitch-h"">い</span><span class=""pitch-h"">へ</span><span class=""pitch-h"">ん</span></rt></ruby>",
無理しないでね。,Don't push yourself.,無理,無理【むり】しないでね。,Social,polite,push too hard,"<ruby class=""vocab"">無理<rt><span class=""pitch-h"">む</span><span class=""pitch-l"">り</span></rt></ruby>",
いつでも連絡してね。,Contact me anytime.,連絡,いつでも連絡【れんらく】してね。,Social,polite,contact,"<ruby class=""vocab"">連絡<rt><span class=""pitch-l"">れ</span><span class=""pitch-h"">ん</span><span class=""pitch-h"">ら</span><span class=""pitch-h"">く</span></rt></ruby>",
話を聞くだけでもできるよ。,I can at least listen.,話を聞く,話【はなし】を聞【き】くだけでもできるよ。,Social,polite,listen,"<ruby class=""vocab"">話を聞く<rt>はなしをきく</rt></ruby>",
一人で抱え込まないで。,Don't keep it all to yourself.,抱え込む,一人【ひとり】で抱【かか】え込【こ】まないで。,Social,polite,keep to oneself,"<ruby class=""vocab"">抱え込む<rt><span class=""pitch-l"">か</span><span class=""pitch-h"">か</span><span class=""pitch-h"">え</span><span class=""pitch-h"">こ</span><span class=""pitch-l"">む</span></rt></ruby>",
市の子育て支援センターに行ってみたら?,Why not try the city's parenting support center?,子育て支援センター,市【し】の子育【こそだ】て支援【しえん】センターに行【い】ってみたら?,Social,polite,parenting support center,"<ruby class=""vocab"">子育て支援センター<rt>こそだてしえんセンター</rt></ruby>",
保健師さんに相談できるよ。,You can consult with a public health nurse.,保健師,保健【ほけん】師【し】さんに相談【そうだん】できるよ。,Social,polite,public health nurse,"<ruby class=""vocab"">保健師<rt>ほけんし</rt></ruby>",
同じ悩みの人がいると思う。,I think there are others with the same worries.,悩み,同【おな】じ悩【なや】みの人【ひと】がいると思【おも】う。,Social,polite,worry,"<ruby class=""vocab"">悩み<rt><span class=""pitch-l"">な</span><span class=""pitch-h"">や</span><span class=""pitch-l"">み</span></rt></ruby>",
泣きたい時は泣いていいよ。,It's okay to cry when you need to.,泣く,泣【な】きたい時【とき】は泣【な】いていいよ。,Social,polite,cry,"<ruby class=""vocab"">泣く<rt><span class=""pitch-l"">な</span><span class=""pitch-h"">く</span></rt></ruby>",
完璧じゃなくていいんだよ。,You don't have to be perfect.,完璧,完璧【かんぺき】じゃなくていいんだよ。,Social,polite,perfect,"<ruby class=""vocab"">完璧<rt><span class=""pitch-l"">か</span><span class=""pitch-h"">ん</span><span class=""pitch-h"">ぺ</span><span class=""pitch-h"">き</span></rt></ruby>",
十分頑張ってるよ。,You're doing great.,十分,十分【じゅうぶん】頑張【がんば】ってるよ。,Social,polite,enough,"<ruby class=""vocab"">十分<rt><span class=""pitch-l"">じゅ</span><span class=""pitch-h"">う</span><span class=""pitch-h"">ぶ</span><span class=""pitch-l"">ん</span></rt></ruby>",
自分を褒めてあげて。,Give yourself credit.,褒める,自分【じぶん】を褒【ほ】めてあげて。,Social,polite,praise,"<ruby class=""vocab"">褒める<rt><span class=""pitch-l"">ほ</span><span class=""pitch-h"">め</span><span class=""pitch-l"">る</span></rt></ruby>",
たまには休んでね。,Take a break sometimes.,休む,たまには休【やす】んでね。,Social,polite,rest,"<ruby class=""vocab"">休む<rt><span class=""pitch-l"">や</span><span class=""pitch-h"">す</span><span class=""pitch-l"">む</span></rt></ruby>",
リフレッシュも大事だよ。,Refreshing is important too.,リフレッシュ,リフレッシュも大事【だいじ】だよ。,Social,polite,refresh,"<ruby class=""vocab"">リフレッシュ<rt><span class=""pitch-l"">り</span><span class=""pitch-h"">ふ</span><span class=""pitch-h"">れ</span><span class=""pitch-l"">っ</span><span class=""pitch-l"">しゅ</span></rt></ruby>",
自分の時間も作ってね。,Make time for yourself.,時間,自分【じぶん】の時間【じかん】も作【つく】ってね。,Social,polite,time,"<ruby class=""vocab"">時間<rt><span class=""pitch-l"">じ</span><span class=""pitch-h"">か</span><span class=""pitch-h"">ん</span></rt></ruby>",
趣味を持つといいよ。,It's good to have hobbies.,趣味,趣味【しゅみ】を持【も】つといいよ。,Social,polite,hobby,"<ruby class=""vocab"">趣味<rt><span class=""pitch-h"">しゅ</span><span class=""pitch-l"">み</span></rt></ruby>",
運動するとスッキリするよ。,Exercise helps clear your mind.,運動,運動【うんどう】するとスッキリするよ。,Social,polite,exercise,"<ruby class=""vocab"">運動<rt><span class=""pitch-l"">う</span><span class=""pitch-h"">ん</span><span class=""pitch-h"">ど</span><span class=""pitch-h"">う</span></rt></ruby>",
散歩でも気分転換になるよ。,Even a walk can be a change of pace.,気分転換,散歩【さんぽ】でも気分【きぶん】転換【てんかん】になるよ。,Social,polite,even,"<ruby class=""vocab"">気分転換<rt>きぶんてんかん</rt></ruby>",
今日も1日お疲れ様。,Good work today.,お疲れ様,今日【きょう】も1日【ついたち】お疲【つか】れ様【さま】。,Social,polite,good work,"<ruby class=""vocab"">お疲れ様<rt>おつかれさま</rt></ruby>",
明日も頑張ろうね。,Let's do our best tomorrow too.,明日,明日【あす】も頑張【がんば】ろうね。,Social,polite,tomorrow,"<ruby class=""vocab"">明日<rt><span class=""pitch-l"">あ</span><span class=""pitch-h"">す</span></rt></ruby>",
おやすみ、良い夢を。,Good night sweet dreams.,夢,おやすみ、良【よ】い夢【ゆめ】を。,Social,polite,dream,"<ruby class=""vocab"">夢<rt><span class=""pitch-l"">ゆ</span><span class=""pitch-h"">め</span></rt></ruby>",
今日もいい1日になりますように。,May today be a good day.,いい1日,今日【きょう】もいい1日【いちにち】になりますように。,Social,polite,good day,"<ruby class=""vocab"">いい1日<rt>いちにち</rt></ruby>",
熱があるみたい。,It seems like you have a fever.,熱,熱【ねつ】があるみたい。,Child-Health,polite,fever,"<ruby class=""vocab"">熱<rt><span class=""pitch-l"">ね</span><span class=""pitch-h"">つ</span></rt></ruby>",
体温を測ってみて。,Try taking your temperature.,体温,体温【たいおん】を測【はか】ってみて。,Child-Health,polite,temperature,"<ruby class=""vocab"">体温<rt><span class=""pitch-h"">た</span><span class=""pitch-l"">い</span><span class=""pitch-l"">お</span><span class=""pitch-l"">ん</span></rt></ruby>",
病院に連れて行こう。,Let's take you to the doctor.,病院,病院【びょういん】に連【つ】れて行【い】こう。,Child-Health,polite,hospital,"<ruby class=""vocab"">病院<rt><span class=""pitch-l"">びょ</span><span class=""pitch-h"">う</span><span class=""pitch-h"">い</span><span class=""pitch-h"">ん</span></rt></ruby>",
薬を飲んでね。,Take your medicine.,薬,薬【くすり】を飲【の】んでね。,Child-Health,polite,medicine,"<ruby class=""vocab"">薬<rt><span class=""pitch-l"">く</span><span class=""pitch-h"">す</span><span class=""pitch-h"">り</span></rt></ruby>",
お腹が痛いの?,Does your stomach hurt?,お腹,お腹【おなか】が痛【いた】いの?,Child-Health,polite,stomach,"<ruby class=""vocab"">お腹<rt><span class=""pitch-l"">お</span><span class=""pitch-h"">な</span><span class=""pitch-h"">か</span></rt></ruby>",
頭が痛いって言ってる。,They say they have a headache.,頭,頭【あたま】が痛【いた】いって言【い】ってる。,Child-Health,polite,head,"<ruby class=""vocab"">頭<rt><span class=""pitch-l"">あ</span><span class=""pitch-h"">た</span><span class=""pitch-l"">ま</span></rt></ruby>",
吐き気がする?,Do you feel nauseous?,吐き気,吐【は】き気【け】がする?,Child-Health,polite,nausea,"<ruby class=""vocab"">吐き気<rt><span class=""pitch-l"">は</span><span class=""pitch-h"">き</span><span class=""pitch-h"">け</span></rt></ruby>",
よく寝てね。,Get good rest.,寝る,よく寝【ね】てね。,Child-Health,polite,sleep,"<ruby class=""vocab"">寝る<rt><span class=""pitch-l"">ね</span><span class=""pitch-h"">る</span></rt></ruby>",
水分をたくさん取って。,Drink lots of fluids.,水分,水分【すいぶん】をたくさん取【と】って。,Child-Health,polite,fluids,"<ruby class=""vocab"">水分<rt><span class=""pitch-h"">す</span><span class=""pitch-l"">い</span><span class=""pitch-l"">ぶ</span><span class=""pitch-l"">ん</span></rt></ruby>",
予防接種の予約を取った。,I made an appointment for vaccination.,予防接種,予防【よぼう】接種【せっしゅ】の予約【よやく】を取【と】った。,Child-Health,polite,vaccination,"<ruby class=""vocab"">予防接種<rt>よぼうせっしゅ</rt></ruby>",
この子は乳製品アレルギーです。,This child has a dairy allergy.,乳製品アレルギー,この子【こ】は乳製品【にゅうせいひん】アレルギーです。,Child-Health,polite,dairy allergy,"<ruby class=""vocab"">乳製品アレルギー<rt>にゅうせいひんアレルギー</rt></ruby>",
クラスメイトを呼んでいい?,Can I invite my classmates over?,クラスメイト,クラスメイトを呼【よ】んでいい?,Child-Health,polite,classmate,"<ruby class=""vocab"">クラスメイト<rt><span class=""pitch-l"">く</span><span class=""pitch-h"">ら</span><span class=""pitch-h"">す</span><span class=""pitch-h"">め</span><span class=""pitch-l"">い</span><span class=""pitch-l"">と</span></rt></ruby>",
おもちゃを貸してあげて。,Share your toys.,おもちゃ,おもちゃを貸【か】してあげて。,Child-Health,polite,toys,"<span class=""vocab""><span class=""pitch-l"">お</span><span class=""pitch-h"">も</span><span class=""pitch-l"">ちゃ</span></span>",
順番に遊んでね。,Take turns playing.,順番,順番【じゅんばん】に遊【あそ】んでね。,Child-Health,polite,turn,"<ruby class=""vocab"">順番<rt><span class=""pitch-l"">じゅ</span><span class=""pitch-h"">ん</span><span class=""pitch-h"">ば</span><span class=""pitch-h"">ん</span></rt></ruby>",
仲間はずれにしないで。,Don't leave anyone out.,仲間,仲間【なかま】はずれにしないで。,Child-Health,polite,leave,"<ruby class=""vocab"">仲間<rt><span class=""pitch-l"">な</span><span class=""pitch-h"">か</span><span class=""pitch-h"">ま</span></rt></ruby>",
ケンカしないで。,Don't fight.,ケンカ,ケンカしないで。,Child-Health,polite,fight,"<ruby class=""vocab"">ケンカ<rt><span class=""pitch-l"">け</span><span class=""pitch-h"">ん</span><span class=""pitch-h"">か</span></rt></ruby>",
仲直りしなさい。,Make up with each other.,仲直,仲直【なかなお】りしなさい。,Child-Health,polite,make up,"<ruby class=""vocab"">仲直<rt><span class=""pitch-l"">な</span><span class=""pitch-h"">か</span><span class=""pitch-l"">な</span><span class=""pitch-l"">お</span></rt></ruby>",
謝りなさい。,Apologize.,謝,謝【あやま】りなさい。,Child-Health,polite,gratitude,"<ruby class=""vocab"">謝<rt><span class=""pitch-h"">あ</span><span class=""pitch-l"">や</span><span class=""pitch-l"">ま</span></rt></ruby>",
許してあげて。,Forgive them.,許,許【ゆる】してあげて。,Child-Health,polite,forgive,"<ruby class=""vocab"">許<rt><span class=""pitch-l"">ゆ</span><span class=""pitch-h"">る</span></rt></ruby>",
優しくしてね。,Be kind.,優,優【やさ】しくしてね。,Child-Health,polite,kind,"<ruby class=""vocab"">優<rt><span class=""pitch-h"">や</span><span class=""pitch-l"">さ</span></rt></ruby>",
思いやりを持って。,Be considerate.,思いやり,思【おも】いやりを持【も】って。,Child-Health,polite,compassion,"<ruby class=""vocab"">思いやり<rt><span class=""pitch-l"">お</span><span class=""pitch-h"">も</span><span class=""pitch-h"">い</span><span class=""pitch-h"">や</span><span class=""pitch-h"">り</span></rt></ruby>",
危ないことはしないで。,Don't do dangerous things.,危,危【あぶ】ないことはしないで。,Child-Health,polite,dangerous,"<ruby class=""vocab"">危<rt><span class=""pitch-l"">あ</span><span class=""pitch-h"">ぶ</span></rt></ruby>",
気をつけてね。,Be careful.,気をつける,気【き】をつけてね。,Child-Health,polite,be careful,"<ruby class=""vocab"">気をつける<rt>きをつける</rt></ruby>",
転ばないでね。,Don't fall.,転ぶ,転【ころ】ばないでね。,Child-Health,polite,fall,"<ruby class=""vocab"">転ぶ<rt><span class=""pitch-l"">こ</span><span class=""pitch-h"">ろ</span><span class=""pitch-h"">ぶ</span></rt></ruby>",
走らないで。,Don't run.,走,走【はし】らないで。,Child-Health,polite,run,"<ruby class=""vocab"">走<rt><span class=""pitch-h"">は</span><span class=""pitch-l"">し</span></rt></ruby>",
静かにしなさい。,Be quiet.,静,静【しず】かにしなさい。,Child-Health,polite,quiet,"<ruby class=""vocab"">静<rt>しず</rt></ruby>",
うるさいよ。,You're being loud.,うるさいよ,うるさいよ。,Child-Health,polite,you're,"<span class=""vocab"">うるさいよ</span>",
大きな声を出さないで。,Don't shout.,声,大【おお】きな声【こえ】を出【だ】さないで。,Child-Health,polite,shout,"<ruby class=""vocab"">声<rt><span class=""pitch-h"">こ</span><span class=""pitch-l"">え</span></rt></ruby>",
行儀よくしなさい。,Behave yourself.,行儀,行儀【ぎょうぎ】よくしなさい。,Child-Health,polite,behave,"<ruby class=""vocab"">行儀<rt><span class=""pitch-l"">ぎょ</span><span class=""pitch-h"">う</span><span class=""pitch-h"">ぎ</span></rt></ruby>",
姿勢を良くして。,Sit up straight.,姿勢,姿勢【しせい】を良【よ】くして。,Child-Health,polite,posture,"<ruby class=""vocab"">姿勢<rt><span class=""pitch-l"">し</span><span class=""pitch-h"">せ</span><span class=""pitch-h"">い</span></rt></ruby>",
肘をつかないで。,Don't put your elbows on the table.,肘,肘【ひじ】をつかないで。,Child-Health,polite,your,"<ruby class=""vocab"">肘<rt><span class=""pitch-l"">ひ</span><span class=""pitch-h"">じ</span></rt></ruby>",
口を閉じて食べなさい。,Eat with your mouth closed.,口を閉じる,口【くち】を閉【と】じて食【た】べなさい。,Child-Health,polite,close mouth,"<ruby class=""vocab"">口を閉じる<rt>くちをとじる</rt></ruby>",
お箸の持ち方が違うよ。,That's not how you hold chopsticks.,お箸の持ち方,お箸【はし】の持【も】ち方【かた】が違【ちが】うよ。,Child-Health,polite,how to hold chopsticks,"<ruby class=""vocab"">お箸の持ち方<rt>おはしのもちかた</rt></ruby>",
お皿を持って食べて。,Hold your plate while eating.,お箸の持ち方,お皿【さら】を持【も】って食【た】べて。,Child-Health,polite,how to hold chopsticks,"<span class=""vocab"">お箸の持ち方</span>",
好き嫌いしないで。,Don't be picky.,好き嫌い,好【す】き嫌【きら】いしないで。,Child-Health,polite,picky eating,"<ruby class=""vocab"">好き嫌い<rt><span class=""pitch-l"">す</span><span class=""pitch-h"">き</span><span class=""pitch-l"">き</span><span class=""pitch-l"">ら</span><span class=""pitch-l"">い</span></rt></ruby>",
食べ物を粗末にしないで。,Don't waste food.,食べ物,食【た】べ物【もの】を粗末【そまつ】にしないで。,Child-Health,polite,food,"<ruby class=""vocab"">食べ物<rt><span class=""pitch-l"">た</span><span class=""pitch-h"">べ</span><span class=""pitch-l"">も</span><span class=""pitch-l"">の</span></rt></ruby>",
感謝して食べなさい。,Eat with gratitude.,感謝,感謝【かんしゃ】して食【た】べなさい。,Child-Health,polite,gratitude,"<ruby class=""vocab"">感謝<rt><span class=""pitch-h"">か</span><span class=""pitch-l"">ん</span><span class=""pitch-l"">しゃ</span></rt></ruby>",
いただきますを言った?,Did you say itadakimasu?,いただきます,いただきますを言【い】った?,Child-Health,polite,itadakimasu,"<span class=""vocab"">いただきます</span>",
ごちそうさまは?,Say gochisousama.,ごちそうさまは,ごちそうさまは?,Child-Health,polite,gochisousama,"<span class=""vocab"">ごちそうさまは</span>",
ありがとうを言いなさい。,Say thank you.,ありがとう,ありがとうを言【い】いなさい。,Child-Health,polite,thank you,"<span class=""vocab""><span class=""pitch-l"">あ</span><span class=""pitch-h"">り</span><span class=""pitch-l"">が</span><span class=""pitch-l"">と</span><span class=""pitch-l"">う</span></span>",
すみませんを言えた?,Did you say sorry?,すみません,すみませんを言【い】えた?,Child-Health,polite,excuse me,"<span class=""vocab"">すみません</span>",
挨拶をちゃんとしてね。,Greet people properly.,挨拶,挨拶【あいさつ】をちゃんとしてね。,Child-Health,polite,greeting,"<ruby class=""vocab"">挨拶<rt><span class=""pitch-h"">あ</span><span class=""pitch-l"">い</span><span class=""pitch-l"">さ</span><span class=""pitch-l"">つ</span></rt></ruby>",
大人の人には敬語を使って。,Use polite language with adults.,敬語,大人【おとな】の人【ひと】には敬語【けいご】を使【つか】って。,Child-Health,polite,polite language,"<ruby class=""vocab"">敬語<rt><span class=""pitch-l"">け</span><span class=""pitch-h"">い</span><span class=""pitch-h"">ご</span></rt></ruby>",
靴を揃えて。,Line up your shoes.,靴,靴【くつ】を揃【そろ】えて。,Child-Health,polite,line,"<ruby class=""vocab"">靴<rt><span class=""pitch-l"">く</span><span class=""pitch-h"">つ</span></rt></ruby>",
脱いだ服をたたんで。,Fold the clothes you took off.,服,脱【ぬ】いだ服【ふく】をたたんで。,Child-Health,polite,clothing,"<ruby class=""vocab"">服<rt><span class=""pitch-l"">ふ</span><span class=""pitch-h"">く</span></rt></ruby>",
使ったものは元に戻して。,Put things back where you found them.,元に戻す,使【つか】ったものは元【もと】に戻【もど】して。,Child-Health,polite,put back,"<ruby class=""vocab"">元に戻す<rt>もとにもどす</rt></ruby>",
自分のことは自分でやって。,Do your own things yourself.,自分,自分【じぶん】のことは自分【じぶん】でやって。,Child-Health,polite,yourself,"<ruby class=""vocab"">自分<rt><span class=""pitch-l"">じ</span><span class=""pitch-h"">ぶ</span><span class=""pitch-h"">ん</span></rt></ruby>",
お手伝いしてくれる?,Can you help me?,手伝,お手伝【てつだ】いしてくれる?,Child-Health,polite,help,"<ruby class=""vocab"">手伝<rt><span class=""pitch-l"">て</span><span class=""pitch-h"">つ</span><span class=""pitch-h"">だ</span></rt></ruby>",
ありがとう助かるよ。,Thank you that helps.,助かる,ありがとう助【たす】かるよ。,Child-Health,polite,helpful,"<ruby class=""vocab"">助かる<rt><span class=""pitch-l"">た</span><span class=""pitch-h"">す</span><span class=""pitch-h"">か</span><span class=""pitch-l"">る</span></rt></ruby>",
よくできました。,Well done.,よくできました,よくできました。,Child-Health,polite,well done,"<span class=""vocab"">よくできました</span>",
その調子。,Keep it up.,調子,その調子【ちょうし】。,Child-Health,polite,child,"<ruby class=""vocab"">調子<rt><span class=""pitch-l"">ちょ</span><span class=""pitch-h"">う</span><span class=""pitch-h"">し</span></rt></ruby>",
すごいね。,That's amazing.,すごいね,すごいね。,Child-Health,polite,that's,"<span class=""vocab"">すごいね</span>",
上手になったね。,You've gotten better.,上手,上手【じょうず】になったね。,Child-Health,polite,you've,"<ruby class=""vocab"">上手<rt><span class=""pitch-l"">じょ</span><span class=""pitch-h"">う</span><span class=""pitch-h"">ず</span></rt></ruby>",
頑張ってるね。,You're working hard.,頑張,頑張【がんば】ってるね。,Child-Health,polite,tried hard,"<ruby class=""vocab"">頑張<rt>がんば</rt></ruby>",
諦めないで。,Don't give up.,諦める,諦【あきら】めないで。,Child-Health,polite,give up,"<ruby class=""vocab"">諦める<rt><span class=""pitch-l"">あ</span><span class=""pitch-h"">き</span><span class=""pitch-h"">ら</span><span class=""pitch-h"">め</span><span class=""pitch-l"">る</span></rt></ruby>",
もう少しだよ。,Just a little more.,もう少し,もう少【すこ】しだよ。,Child-Health,polite,a little more,"<ruby class=""vocab"">もう少し<rt>もうすこし</rt></ruby>",
自信を持って。,Have confidence.,自信,自信【じしん】を持【も】って。,Child-Health,polite,confidence,"<ruby class=""vocab"">自信<rt><span class=""pitch-l"">じ</span><span class=""pitch-h"">し</span><span class=""pitch-h"">ん</span></rt></ruby>",
失敗しても大丈夫。,It's okay to fail.,失敗,失敗【しっぱい】しても大丈夫【だいじょうぶ】。,Child-Health,polite,okay,"<ruby class=""vocab"">失敗<rt><span class=""pitch-l"">し</span><span class=""pitch-h"">っ</span><span class=""pitch-h"">ぱ</span><span class=""pitch-h"">い</span></rt></ruby>",
次があるよ。,There's always next time.,次,次【つぎ】があるよ。,Child-Health,polite,next time,"<ruby class=""vocab"">次<rt>つぎ</rt></ruby>",
一緒にやろう。,Let's do it together.,一緒,一緒【いっしょ】にやろう。,Child-Health,polite,together,"<ruby class=""vocab"">一緒<rt><span class=""pitch-l"">い</span><span class=""pitch-h"">っ</span><span class=""pitch-h"">しょ</span></rt></ruby>",
分からないことは聞いてね。,Ask if you don't understand.,分からない,分【わ】からないことは聞【き】いてね。,Child-Health,polite,not understand,"<ruby class=""vocab"">分からない<rt>わからない</rt></ruby>",
洗濯物を干してください。,Please hang the laundry.,洗濯物,洗濯【せんたく】物【ぶつ】を干【ほ】してください。,Laundry,polite,laundry,"<ruby class=""vocab"">洗濯物<rt>せんたくぶつ</rt></ruby>",
洗濯機を回します。,I'll start the washing machine.,洗濯機,洗濯【せんたく】機【き】を回【まわ】します。,Laundry,polite,washing machine,"<ruby class=""vocab"">洗濯機<rt>せんたくき</rt></ruby>",
乾燥機を使ってもいい?,Can I use the dryer?,乾燥機,乾燥【かんそう】機【き】を使【つか】ってもいい?,Laundry,polite,dryer,"<ruby class=""vocab"">乾燥機<rt>かんそうき</rt></ruby>",
この服は手洗いです。,This clothing is hand-wash only.,服,この服【ふく】は手洗【てあら】いです。,Laundry,polite,clothing,"<ruby class=""vocab"">服<rt><span class=""pitch-l"">ふ</span><span class=""pitch-h"">く</span></rt></ruby>",
洗濯物をたたんでくれる?,Can you fold the laundry?,たたむ,洗濯【せんたく】物【ぶつ】をたたんでくれる?,Laundry,polite,fold,"<span class=""vocab""><span class=""pitch-l"">た</span><span class=""pitch-h"">た</span><span class=""pitch-h"">む</span></span>",
アイロンをかけなきゃ。,I need to iron this.,アイロン,アイロンをかけなきゃ。,Laundry,polite,iron,"<ruby class=""vocab"">アイロン<rt><span class=""pitch-l"">あ</span><span class=""pitch-h"">い</span><span class=""pitch-h"">ろ</span><span class=""pitch-h"">ん</span></rt></ruby>",
シミが取れない。,The stain won't come out.,シミ,シミが取【と】れない。,Laundry,polite,stain,"<ruby class=""vocab"">シミ<rt><span class=""pitch-l"">し</span><span class=""pitch-h"">み</span></rt></ruby>",
漂白剤を使いましょう。,Let's use bleach.,漂白剤,漂白【ひょうはく】剤【ざい】を使【つか】いましょう。,Laundry,polite,bleach,"<ruby class=""vocab"">漂白剤<rt>ひょうはくざい</rt></ruby>",
柔軟剤を入れて。,Add fabric softener.,柔軟剤,柔軟【じゅうなん】剤【ざい】を入【い】れて。,Laundry,polite,fabric softener,"<ruby class=""vocab"">柔軟剤<rt>じゅうなんざい</rt></ruby>",
洗濯ネットに入れてね。,Put it in a laundry net.,洗濯ネット,洗濯【せんたく】ネットに入【い】れてね。,Laundry,polite,laundry net,"<ruby class=""vocab"">洗濯ネット<rt>せんたくネット</rt></ruby>",
雨だから部屋干しにする。,It's raining so I'll dry inside.,部屋干し,雨【あめ】だから部屋干【へやほ】しにする。,Laundry,polite,indoor drying,"<ruby class=""vocab"">部屋干し<rt><span class=""pitch-l"">へ</span><span class=""pitch-h"">や</span><span class=""pitch-h"">ほ</span><span class=""pitch-h"">し</span></rt></ruby>",
洗濯物が乾いた。,The laundry is dry.,乾く,洗濯【せんたく】物【ぶつ】が乾【かわ】いた。,Laundry,polite,dry,"<ruby class=""vocab"">乾く<rt><span class=""pitch-l"">か</span><span class=""pitch-h"">わ</span><span class=""pitch-l"">く</span></rt></ruby>",
色物と白い物を分けて。,Separate colors and whites.,分ける,色物【いろもの】と白【しろ】い物【もの】を分【わ】けて。,Laundry,polite,separate,"<ruby class=""vocab"">分ける<rt><span class=""pitch-l"">わ</span><span class=""pitch-h"">け</span><span class=""pitch-l"">る</span></rt></ruby>",
ハンガーが足りない。,We don't have enough hangers.,ハンガー,ハンガーが足【た】りない。,Laundry,polite,hanger,"<ruby class=""vocab"">ハンガー<rt><span class=""pitch-h"">は</span><span class=""pitch-l"">ん</span><span class=""pitch-l"">が</span><span class=""pitch-l"">ー</span></rt></ruby>",
洗濯バサミを取って。,Pass me the clothespins.,洗濯バサミ,洗濯【せんたく】バサミを取【と】って。,Laundry,polite,clothespins,"<ruby class=""vocab"">洗濯バサミ<rt>せんたくバサミ</rt></ruby>",
布団を干したい。,I want to air out the futon.,布団,布団【ふとん】を干【ほ】したい。,Laundry,polite,futon,"<ruby class=""vocab"">布団<rt><span class=""pitch-l"">ふ</span><span class=""pitch-h"">と</span><span class=""pitch-h"">ん</span></rt></ruby>",
毛布を洗濯機で洗える?,Can I wash the blanket in the machine?,毛布,毛布【もうふ】を洗濯【せんたく】機【き】で洗【あら】える?,Laundry,polite,blanket,"<ruby class=""vocab"">毛布<rt><span class=""pitch-h"">も</span><span class=""pitch-l"">う</span><span class=""pitch-l"">ふ</span></rt></ruby>",
脱水が終わった。,The spin cycle is done.,脱水,脱水【だっすい】が終【お】わった。,Laundry,polite,spin cycle,"<ruby class=""vocab"">脱水<rt><span class=""pitch-l"">だ</span><span class=""pitch-h"">っ</span><span class=""pitch-h"">す</span><span class=""pitch-h"">い</span></rt></ruby>",
今日は洗濯日和だね。,It's a perfect day for laundry.,洗濯日和,今日【きょう】は洗濯【せんたく】日和【びより】だね。,Laundry,polite,good laundry weather,"<ruby class=""vocab"">洗濯日和<rt>せんたくびより</rt></ruby>",
タオルがごわごわになった。,The towels have become stiff.,ごわごわ,タオルがごわごわになった。,Laundry,polite,stiff,"<span class=""vocab""><span class=""pitch-h"">ご</span><span class=""pitch-l"">わ</span><span class=""pitch-l"">ご</span><span class=""pitch-l"">わ</span></span>",
お正月の準備をしよう。,Let's prepare for New Year.,お正月,お正月【しょうがつ】の準備【じゅんび】をしよう。,Seasonal-Events,polite,New Year,"<ruby class=""vocab"">お正月<rt>しょうがつ</rt></ruby>",
おせち料理を作る。,I'll make New Year dishes.,おせち料理,おせち料理【りょうり】を作【つく】る。,Seasonal-Events,polite,New Year dishes,"<ruby class=""vocab"">おせち料理<rt>りょうり</rt></ruby>",
年賀状を書かなきゃ。,I need to write New Year cards.,年賀状,年賀【ねんが】状【じょう】を書【か】かなきゃ。,Seasonal-Events,polite,New Year cards,"<ruby class=""vocab"">年賀状<rt>ねんがじょう</rt></ruby>",
ひな人形を飾ろう。,Let's display the hina dolls.,ひな人形,ひな人形【にんぎょう】を飾【かざ】ろう。,Seasonal-Events,polite,hina dolls,"<ruby class=""vocab"">ひな人形<rt>にんぎょう</rt></ruby>",
こどもの日にはこいのぼりを出そう。,Let's put out the carp streamers for Children's Day.,こいのぼり,こどもの日【ひ】にはこいのぼりを出【だ】そう。,Seasonal-Events,polite,carp streamers,"<span class=""vocab""><span class=""pitch-l"">こ</span><span class=""pitch-h"">い</span><span class=""pitch-h"">の</span><span class=""pitch-l"">ぼ</span><span class=""pitch-l"">り</span></span>",
お盆に帰省する。,I'll go home for Obon.,お盆,お盆【ぼん】に帰省【きせい】する。,Seasonal-Events,polite,Obon,"<ruby class=""vocab"">お盆<rt>ぼん</rt></ruby>",
七五三の写真を撮ろう。,Let's take photos for Shichi-Go-San.,七五三,七五三【しちごさん】の写真【しゃしん】を撮【と】ろう。,Seasonal-Events,polite,Shichi-Go-San,"<ruby class=""vocab"">七五三<rt><span class=""pitch-l"">し</span><span class=""pitch-h"">ち</span><span class=""pitch-h"">ご</span><span class=""pitch-h"">さ</span><span class=""pitch-h"">ん</span></rt></ruby>",
クリスマスの飾りつけをしよう。,Let's put up Christmas decorations.,飾りつけ,クリスマスの飾【かざ】りつけをしよう。,Seasonal-Events,polite,decorations,"<ruby class=""vocab"">飾りつけ<rt><span class=""pitch-l"">か</span><span class=""pitch-h"">ざ</span><span class=""pitch-h"">り</span><span class=""pitch-h"">つ</span><span class=""pitch-h"">け</span></rt></ruby>",
クリスマスのプレゼントを買わなきゃ。,I need to buy Christmas presents.,プレゼント,クリスマスのプレゼントを買【か】わなきゃ。,Seasonal-Events,polite,present,"<ruby class=""vocab"">プレゼント<rt><span class=""pitch-l"">ぷ</span><span class=""pitch-h"">れ</span><span class=""pitch-l"">ぜ</span><span class=""pitch-l"">ん</span><span class=""pitch-l"">と</span></rt></ruby>",
クリスマスツリーを飾ろう。,Let's decorate the Christmas tree.,クリスマスツリー,クリスマスツリーを飾【かざ】ろう。,Seasonal-Events,polite,Christmas,"<span class=""vocab"">クリスマスツリー</span>",
サンタさんが来るよ。,Santa is coming.,サンタ,サンタさんが来【く】るよ。,Seasonal-Events,polite,santa,"<ruby class=""vocab"">サンタ<rt><span class=""pitch-h"">さ</span><span class=""pitch-l"">ん</span><span class=""pitch-l"">た</span></rt></ruby>",
クリスマスケーキを予約した。,I reserved a Christmas cake.,クリスマスケーキ,クリスマスケーキを予約【よやく】した。,Seasonal-Events,polite,cake,"<span class=""vocab"">クリスマスケーキ</span>",
チキンを焼こう。,Let's roast chicken.,チキン,チキンを焼【や】こう。,Seasonal-Events,polite,roast,"<ruby class=""vocab"">チキン<rt><span class=""pitch-h"">ち</span><span class=""pitch-l"">き</span><span class=""pitch-l"">ん</span></rt></ruby>",
除夜の鐘を聞きに行こう。,Let's go listen to the New Year bells.,除夜の鐘,除夜【じょや】の鐘【かね】を聞【き】きに行【い】こう。,Seasonal-Events,polite,New Year's bell,"<ruby class=""vocab"">除夜の鐘<rt>じょやのかね</rt></ruby>",
初詣に行く?,Are you going for the first shrine visit?,初詣,初詣【はつもうで】に行【い】く?,Seasonal-Events,polite,first shrine visit,"<ruby class=""vocab"">初詣<rt><span class=""pitch-l"">は</span><span class=""pitch-h"">つ</span><span class=""pitch-h"">も</span><span class=""pitch-l"">う</span><span class=""pitch-l"">で</span></rt></ruby>",
お年玉を準備しなきゃ。,I need to prepare New Year money.,お年玉,お年玉【としだま】を準備【じゅんび】しなきゃ。,Seasonal-Events,polite,New Year's money,"<ruby class=""vocab"">お年玉<rt>としだま</rt></ruby>",
年越しそばを食べよう。,Let's eat New Year's Eve soba.,お年玉,年越【としこ】しそばを食【た】べよう。,Seasonal-Events,polite,New Year's money,"<span class=""vocab"">お年玉</span>",
お雑煮を作ります。,I'll make ozoni.,お雑煮,お雑煮【ぞうに】を作【つく】ります。,Seasonal-Events,polite,ozoni,"<ruby class=""vocab"">お雑煮<rt>ぞうに</rt></ruby>",
凧揚げをしよう。,Let's fly kites.,凧揚げ,凧揚【たこあ】げをしよう。,Seasonal-Events,polite,kite flying,"<ruby class=""vocab"">凧揚げ<rt><span class=""pitch-l"">た</span><span class=""pitch-h"">こ</span><span class=""pitch-l"">あ</span><span class=""pitch-l"">げ</span></rt></ruby>",
羽子板で遊ぼう。,Let's play hanetsuki.,羽子板,羽子板【はごいた】で遊【あそ】ぼう。,Seasonal-Events,polite,hanetsuki paddle,"<ruby class=""vocab"">羽子板<rt><span class=""pitch-l"">は</span><span class=""pitch-h"">ご</span><span class=""pitch-l"">い</span><span class=""pitch-l"">た</span></rt></ruby>",
福袋を買いに行こう。,Let's go buy lucky bags.,福袋,福袋【ふくぶくろ】を買【か】いに行【い】こう。,Seasonal-Events,polite,lucky bag,"<ruby class=""vocab"">福袋<rt><span class=""pitch-l"">ふ</span><span class=""pitch-h"">く</span><span class=""pitch-h"">ぶ</span><span class=""pitch-l"">く</span><span class=""pitch-l"">ろ</span></rt></ruby>",
バレンタインのチョコを作ろう。,Let's make Valentine's chocolates.,チョコ,バレンタインのチョコを作【つく】ろう。,Seasonal-Events,polite,valentine's,"<ruby class=""vocab"">チョコ<rt><span class=""pitch-h"">ちょ</span><span class=""pitch-l"">こ</span></rt></ruby>",
ホワイトデーのお返しを買わなきゃ。,I need to buy White Day gifts.,ホワイトデー,ホワイトデーのお返【がえ】しを買【か】わなきゃ。,Seasonal-Events,polite,White Day,"<span class=""vocab"">ホワイトデー</span>",
お花見に行こう。,Let's go cherry blossom viewing.,お花見,お花見【はなみ】に行【い】こう。,Seasonal-Events,polite,cherry blossom viewing,"<ruby class=""vocab"">お花見<rt>はなみ</rt></ruby>",
桜が満開だね。,The cherry blossoms are in full bloom.,満開,桜【さくら】が満開【まんかい】だね。,Seasonal-Events,polite,full bloom,"<ruby class=""vocab"">満開<rt><span class=""pitch-l"">ま</span><span class=""pitch-h"">ん</span><span class=""pitch-h"">か</span><span class=""pitch-h"">い</span></rt></ruby>",
ゴールデンウィークの予定は?,What are your Golden Week plans?,ゴールデンウィーク,ゴールデンウィークの予定【よてい】は?,Seasonal-Events,polite,Golden Week,"<span class=""vocab"">ゴールデンウィーク</span>",
母の日に何をあげよう。,What should I give for Mother's Day.,母,母【はは】の日【ひ】に何【なに】をあげよう。,Seasonal-Events,polite,mother,"<ruby class=""vocab"">母<rt><span class=""pitch-h"">は</span><span class=""pitch-l"">は</span></rt></ruby>",
父の日のプレゼントは?,What about the Father's Day present?,父,父【ちち】の日【ひ】のプレゼントは?,Seasonal-Events,polite,father,"<ruby class=""vocab"">父<rt><span class=""pitch-l"">ち</span><span class=""pitch-h"">ち</span></rt></ruby>",
夏休みの計画を立てよう。,Let's plan summer vacation.,計画,夏休【なつやす】みの計画【けいかく】を立【た】てよう。,Seasonal-Events,polite,plan,"<ruby class=""vocab"">計画<rt><span class=""pitch-l"">け</span><span class=""pitch-h"">い</span><span class=""pitch-h"">か</span><span class=""pitch-h"">く</span></rt></ruby>",
プール開きだね。,The pool is opening.,プール,プール開【びら】きだね。,Seasonal-Events,polite,pool,"<ruby class=""vocab"">プール<rt><span class=""pitch-h"">ぷ</span><span class=""pitch-l"">ー</span><span class=""pitch-l"">る</span></rt></ruby>",
花火大会に行こう。,Let's go to the fireworks festival.,花火大会,花火【はなび】大会【たいかい】に行【い】こう。,Seasonal-Events,polite,fireworks festival,"<ruby class=""vocab"">花火大会<rt>はなびたいかい</rt></ruby>",
浴衣を着よう。,Let's wear yukata.,浴衣,浴衣【ゆかた】を着【き】よう。,Seasonal-Events,polite,yukata,"<ruby class=""vocab"">浴衣<rt><span class=""pitch-l"">ゆ</span><span class=""pitch-h"">か</span><span class=""pitch-h"">た</span></rt></ruby>",
スイカ割りをしよう。,Let's play watermelon splitting.,スイカ割り,スイカ割【わ】りをしよう。,Seasonal-Events,polite,watermelon splitting,"<ruby class=""vocab"">スイカ割り<rt><span class=""pitch-l"">ス</span><span class=""pitch-h"">イ</span><span class=""pitch-h"">カ</span><span class=""pitch-h"">わ</span><span class=""pitch-h"">り</span></rt></ruby>",
虫取りに行く?,Do you want to go bug catching?,虫取り,虫取【むしと】りに行【い】く?,Seasonal-Events,polite,bug catching,"<ruby class=""vocab"">虫取り<rt><span class=""pitch-l"">む</span><span class=""pitch-h"">し</span><span class=""pitch-h"">と</span><span class=""pitch-h"">り</span></rt></ruby>",
宿題を早く終わらせてね。,Finish your homework early.,終わらせる,宿題【しゅくだい】を早【はや】く終【お】わらせてね。,Seasonal-Events,polite,finish,"<ruby class=""vocab"">終わらせる<rt>おわらせる</rt></ruby>",
自由研究は何にする?,What will you do for your independent study?,自由研究,自由【じゆう】研究【けんきゅう】は何【なに】にする?,Seasonal-Events,polite,independent study,"<ruby class=""vocab"">自由研究<rt>じゆうけんきゅう</rt></ruby>",
読書感想文を書かなきゃ。,I have to write a book report.,読書感想文,読書【どくしょ】感想【かんそう】文【ぶん】を書【か】かなきゃ。,Seasonal-Events,polite,book report,"<ruby class=""vocab"">読書感想文<rt>どくしょかんそうぶん</rt></ruby>",
敬老の日におじいちゃんに電話しよう。,Let's call grandpa on Respect for the Aged Day.,敬老の日,敬老【けいろう】の日【ひ】におじいちゃんに電話【でんわ】しよう。,Seasonal-Events,polite,Respect for Aged Day,"<ruby class=""vocab"">敬老の日<rt>けいろうのひ</rt></ruby>",
ハロウィンの仮装をしよう。,Let's dress up for Halloween.,仮装,ハロウィンの仮装【かそう】をしよう。,Seasonal-Events,polite,costume,"<ruby class=""vocab"">仮装<rt><span class=""pitch-l"">か</span><span class=""pitch-h"">そ</span><span class=""pitch-h"">う</span></rt></ruby>",
お菓子を用意しておこう。,Let's prepare candy.,お菓子,お菓子【かし】を用意【ようい】しておこう。,Seasonal-Events,polite,sweets,"<ruby class=""vocab"">お菓子<rt>かし</rt></ruby>",
トリックオアトリート!,Trick or treat!,トリックオアトリート,トリックオアトリート!,Seasonal-Events,polite,trick or treat,"<span class=""vocab"">トリックオアトリート</span>",
夕飯の準備をします。,I'll prepare dinner.,準備,夕飯【ゆうはん】の準備【じゅんび】をします。,Cooking,polite,preparation,"<ruby class=""vocab"">準備<rt><span class=""pitch-h"">じゅ</span><span class=""pitch-l"">ん</span><span class=""pitch-l"">び</span></rt></ruby>",
何が食べたい?,What do you want to eat?,何,何【なに】が食【た】べたい?,Cooking,polite,what,"<ruby class=""vocab"">何<rt><span class=""pitch-h"">な</span><span class=""pitch-l"">に</span></rt></ruby>",
今日は和食にしよう。,Let's have Japanese food today.,和食,今日【きょう】は和食【わしょく】にしよう。,Cooking,polite,japanese,"<ruby class=""vocab"">和食<rt><span class=""pitch-l"">わ</span><span class=""pitch-h"">しょ</span><span class=""pitch-h"">く</span></rt></ruby>",
味見してみて。,Try tasting it.,味見,味見【あじみ】してみて。,Cooking,polite,tasting,"<ruby class=""vocab"">味見<rt><span class=""pitch-l"">あ</span><span class=""pitch-h"">じ</span><span class=""pitch-h"">み</span></rt></ruby>",
塩を少し足して。,Add a little salt.,塩,塩【しお】を少【すこ】し足【た】して。,Cooking,polite,salt,"<ruby class=""vocab"">塩<rt><span class=""pitch-l"">し</span><span class=""pitch-h"">お</span></rt></ruby>",
火を弱めてね。,Turn down the heat.,火,火【ひ】を弱【よわ】めてね。,Cooking,polite,heat,"<ruby class=""vocab"">火<rt><span class=""pitch-h"">ひ</span></rt></ruby>",
沸騰したら教えて。,Tell me when it boils.,沸騰,沸騰【ふっとう】したら教【おし】えて。,Cooking,polite,boil,"<ruby class=""vocab"">沸騰<rt><span class=""pitch-l"">ふ</span><span class=""pitch-h"">っ</span><span class=""pitch-h"">と</span><span class=""pitch-h"">う</span></rt></ruby>",
焦げないように見てて。,Watch it so it doesn't burn.,焦げる,焦【こ】げないように見【み】てて。,Cooking,polite,burn,"<ruby class=""vocab"">焦げる<rt><span class=""pitch-l"">こ</span><span class=""pitch-h"">げ</span><span class=""pitch-l"">る</span></rt></ruby>",
出汁を取ります。,I'll make the stock.,出汁,出汁【だし】を取【と】ります。,Cooking,polite,stock/broth,"<ruby class=""vocab"">出汁<rt><span class=""pitch-l"">だ</span><span class=""pitch-h"">し</span></rt></ruby>",
ご飯を炊いてくれる?,Can you cook the rice?,ご飯,ご飯【ごはん】を炊【た】いてくれる?,Cooking,polite,rice,"<ruby class=""vocab"">ご飯<rt><span class=""pitch-h"">ご</span><span class=""pitch-l"">は</span><span class=""pitch-l"">ん</span></rt></ruby>",
冷蔵庫に何がある?,What's in the fridge?,冷蔵庫,冷蔵【れいぞう】庫【こ】に何【なに】がある?,Cooking,polite,refrigerator,"<ruby class=""vocab"">冷蔵庫<rt>れいぞうこ</rt></ruby>",
作り置きを準備しよう。,Let's prepare make-ahead dishes.,作り置き,作【つく】り置【お】きを準備【じゅんび】しよう。,Cooking,polite,meal prep,"<ruby class=""vocab"">作り置き<rt><span class=""pitch-l"">つ</span><span class=""pitch-h"">く</span><span class=""pitch-h"">り</span><span class=""pitch-h"">お</span><span class=""pitch-h"">き</span></rt></ruby>",
レシピを検索して。,Search for a recipe.,レシピ,レシピを検索【けんさく】して。,Cooking,polite,recipe,"<ruby class=""vocab"">レシピ<rt><span class=""pitch-h"">れ</span><span class=""pitch-l"">し</span><span class=""pitch-l"">ぴ</span></rt></ruby>",
煮物を作ります。,I'll make simmered dishes.,煮物,煮物【にもの】を作【つく】ります。,Cooking,polite,simmered,"<ruby class=""vocab"">煮物<rt><span class=""pitch-l"">に</span><span class=""pitch-h"">も</span><span class=""pitch-h"">の</span></rt></ruby>",
炒め物にしようか。,Shall we make a stir-fry?,炒め物,炒【いた】め物【もの】にしようか。,Cooking,polite,stir-fry,"<ruby class=""vocab"">炒め物<rt><span class=""pitch-l"">い</span><span class=""pitch-h"">た</span><span class=""pitch-h"">め</span><span class=""pitch-h"">も</span><span class=""pitch-h"">の</span></rt></ruby>",
揚げ物は面倒だな。,Deep frying is a hassle.,揚げ物,揚【あ】げ物【もの】は面倒【めんどう】だな。,Cooking,polite,deep-fried food,"<ruby class=""vocab"">揚げ物<rt><span class=""pitch-l"">あ</span><span class=""pitch-h"">げ</span><span class=""pitch-h"">も</span><span class=""pitch-h"">の</span></rt></ruby>",
電子レンジで温めて。,Heat it in the microwave.,電子レンジ,電子【でんし】レンジで温【あたた】めて。,Cooking,polite,microwave,"<ruby class=""vocab"">電子レンジ<rt>でんしレンジ</rt></ruby>",
お弁当を作らなきゃ。,I need to make lunch boxes.,お弁当,お弁当【べんとう】を作【つく】らなきゃ。,Cooking,polite,lunch box,"<ruby class=""vocab"">お弁当<rt>べんとう</rt></ruby>",
朝ごはんできたよ。,Breakfast is ready.,朝ごはん,朝【あさ】ごはんできたよ。,Cooking,polite,breakfast,"<ruby class=""vocab"">朝ごはん<rt><span class=""pitch-l"">あ</span><span class=""pitch-h"">さ</span><span class=""pitch-h"">ご</span><span class=""pitch-l"">は</span><span class=""pitch-l"">ん</span></rt></ruby>",
食器を洗ってくれる?,Can you wash the dishes?,食器,食器【しょっき】を洗【あら】ってくれる?,Cooking,polite,dishes,"<ruby class=""vocab"">食器<rt><span class=""pitch-l"">しょ</span><span class=""pitch-h"">っ</span><span class=""pitch-h"">き</span></rt></ruby>",
残り物で何か作ろう。,Let's make something with leftovers.,残り物,残【のこ】り物【もの】で何【なん】か作【つく】ろう。,Cooking,polite,leftovers,"<ruby class=""vocab"">残り物<rt><span class=""pitch-l"">の</span><span class=""pitch-h"">こ</span><span class=""pitch-h"">り</span><span class=""pitch-h"">も</span><span class=""pitch-h"">の</span></rt></ruby>",
味が薄いかな?,Is the flavor too weak?,味,味【あじ】が薄【うす】いかな?,Cooking,polite,flavor,"<ruby class=""vocab"">味<rt><span class=""pitch-l"">あ</span><span class=""pitch-h"">じ</span></rt></ruby>",
もう少し煮込んで。,Simmer it a bit more.,煮込む,もう少【すこ】し煮込【にこ】んで。,Cooking,polite,simmer,"<ruby class=""vocab"">煮込む<rt><span class=""pitch-l"">に</span><span class=""pitch-h"">こ</span><span class=""pitch-l"">む</span></rt></ruby>",
蒸し器を使います。,I'll use the steamer.,蒸し器,蒸【む】し器【き】を使【つか】います。,Cooking,polite,steamer,"<ruby class=""vocab"">蒸し器<rt><span class=""pitch-l"">む</span><span class=""pitch-h"">し</span><span class=""pitch-l"">き</span></rt></ruby>",
人参を薄切りにして。,Slice the carrots thin.,薄切り,人参【にんじん】を薄切【うすぎ】りにして。,Cooking,polite,thin slice,"<ruby class=""vocab"">薄切り<rt><span class=""pitch-l"">う</span><span class=""pitch-h"">す</span><span class=""pitch-h"">ぎ</span><span class=""pitch-h"">り</span></rt></ruby>",
玉ねぎをみじん切りにして。,Dice the onion.,みじん切り,玉【たま】ねぎをみじん切【ぎ】りにして。,Cooking,polite,minced/diced,"<ruby class=""vocab"">みじん切り<rt>みじんぎり</rt></ruby>",
キャベツを千切りにして。,Shred the cabbage.,千切り,キャベツを千切【ちぎ】りにして。,Cooking,polite,shredded,"<ruby class=""vocab"">千切り<rt><span class=""pitch-l"">ち</span><span class=""pitch-h"">ぎ</span><span class=""pitch-h"">り</span></rt></ruby>",
肉を一口大に切って。,Cut the meat into bite-size pieces.,一口大,肉【にく】を一口【ひとくち】大【だい】に切【き】って。,Cooking,polite,bite-size,"<ruby class=""vocab"">一口大<rt>ひとくちだい</rt></ruby>",
野菜を乱切りにする。,Cut the vegetables into chunks.,乱切り,野菜【やさい】を乱切【らんぎ】りにする。,Cooking,polite,rough cut,"<ruby class=""vocab"">乱切り<rt><span class=""pitch-l"">ら</span><span class=""pitch-h"">ん</span><span class=""pitch-h"">ぎ</span><span class=""pitch-h"">り</span></rt></ruby>",
お湯を沸かして。,Boil water.,お湯,お湯【ゆ】を沸【わ】かして。,Cooking,polite,hot water,"<ruby class=""vocab"">お湯<rt>ゆ</rt></ruby>",
パスタを茹でます。,I'll boil the pasta.,パスタ,パスタを茹【ゆ】でます。,Cooking,polite,pasta,"<ruby class=""vocab"">パスタ<rt><span class=""pitch-h"">ぱ</span><span class=""pitch-l"">す</span><span class=""pitch-l"">た</span></rt></ruby>",
卵を溶いて。,Beat the eggs.,卵,卵【たまご】を溶【と】いて。,Cooking,polite,egg,"<ruby class=""vocab"">卵<rt><span class=""pitch-l"">た</span><span class=""pitch-h"">ま</span><span class=""pitch-h"">ご</span></rt></ruby>",
小麦粉をふるって。,Sift the flour.,小麦粉,小【こ】麦粉【むぎこ】をふるって。,Cooking,polite,sift,"<ruby class=""vocab"">小麦粉<rt>こむぎこ</rt></ruby>",
生地を寝かせて。,Let the dough rest.,生地,生地【きじ】を寝【ね】かせて。,Cooking,polite,dough,"<ruby class=""vocab"">生地<rt><span class=""pitch-h"">き</span><span class=""pitch-l"">じ</span></rt></ruby>",
オーブンで焼きます。,I'll bake it in the oven.,オーブン,オーブンで焼【や】きます。,Cooking,polite,oven,"<ruby class=""vocab"">オーブン<rt><span class=""pitch-h"">お</span><span class=""pitch-l"">ー</span><span class=""pitch-l"">ぶ</span><span class=""pitch-l"">ん</span></rt></ruby>",
グリルで焼いて。,Grill it.,グリル,グリルで焼【や】いて。,Cooking,polite,grill,"<ruby class=""vocab"">グリル<rt><span class=""pitch-h"">ぐ</span><span class=""pitch-l"">り</span><span class=""pitch-l"">る</span></rt></ruby>",
フライパンで炒めて。,Stir-fry in the pan.,フライパン,フライパンで炒【いた】めて。,Cooking,polite,frying pan,"<ruby class=""vocab"">フライパン<rt><span class=""pitch-l"">ふ</span><span class=""pitch-h"">ら</span><span class=""pitch-h"">い</span><span class=""pitch-h"">ぱ</span><span class=""pitch-h"">ん</span></rt></ruby>",
弱火で煮込んで。,Simmer on low heat.,弱火,弱火【よわび】で煮込【にこ】んで。,Cooking,polite,low heat,"<ruby class=""vocab"">弱火<rt><span class=""pitch-l"">よ</span><span class=""pitch-h"">わ</span><span class=""pitch-h"">び</span></rt></ruby>",
強火で一気に。,High heat quickly.,強火,強火【つよび】で一気【いっき】に。,Cooking,polite,high heat,"<ruby class=""vocab"">強火<rt><span class=""pitch-l"">つ</span><span class=""pitch-h"">よ</span><span class=""pitch-h"">び</span></rt></ruby>",
中火にして。,Set to medium heat.,中火,中火【ちゅうび】にして。,Cooking,polite,medium heat,"<ruby class=""vocab"">中火<rt><span class=""pitch-l"">ちゅ</span><span class=""pitch-h"">う</span><span class=""pitch-h"">び</span></rt></ruby>",
蓋をして。,Put the lid on.,蓋,蓋【ふた】をして。,Cooking,polite,lid,"<ruby class=""vocab"">蓋<rt><span class=""pitch-l"">ふ</span><span class=""pitch-h"">た</span></rt></ruby>",
灰汁を取って。,Skim off the scum.,灰汁,灰汁【あく】を取【と】って。,Cooking,polite,scum/foam,"<ruby class=""vocab"">灰汁<rt><span class=""pitch-l"">あ</span><span class=""pitch-h"">く</span></rt></ruby>",
味を見てみて。,Taste it.,味を見る,味【あじ】を見【み】てみて。,Cooking,polite,taste,"<ruby class=""vocab"">味を見る<rt>あじをみる</rt></ruby>",
塩コショウで味を整えて。,Season with salt and pepper.,塩コショウ,塩【しお】コショウで味【あじ】を整【ととの】えて。,Cooking,polite,salt and pepper,"<ruby class=""vocab"">塩コショウ<rt>しおコショウ</rt></ruby>",
お皿に盛り付けて。,Plate it.,盛り付ける,お皿【さら】に盛【も】り付【つ】けて。,Cooking,polite,plate/serve,"<ruby class=""vocab"">盛り付ける<rt><span class=""pitch-l"">も</span><span class=""pitch-h"">り</span><span class=""pitch-h"">つ</span><span class=""pitch-h"">け</span><span class=""pitch-l"">る</span></rt></ruby>",
熱いうちに食べてね。,Eat while it's hot.,熱いうちに,熱【あつ】いうちに食【た】べてね。,Cooking,polite,while hot,"<ruby class=""vocab"">熱いうちに<rt>あついうちに</rt></ruby>",
冷めないうちにどうぞ。,Please eat before it gets cold.,冷める,冷【さ】めないうちにどうぞ。,Cooking,polite,get cold,"<ruby class=""vocab"">冷める<rt><span class=""pitch-l"">さ</span><span class=""pitch-h"">め</span><span class=""pitch-l"">る</span></rt></ruby>",
レンジで3分温めて。,Microwave for 3 minutes.,レンジ,レンジで3分【ぷん】温【あたた】めて。,Cooking,polite,microwave,"<ruby class=""vocab"">レンジ<rt><span class=""pitch-h"">れ</span><span class=""pitch-l"">ん</span><span class=""pitch-l"">じ</span></rt></ruby>",
解凍してから使って。,Defrost before using.,解凍,解凍【かいとう】してから使【つか】って。,Cooking,polite,defrost,"<ruby class=""vocab"">解凍<rt><span class=""pitch-l"">か</span><span class=""pitch-h"">い</span><span class=""pitch-h"">と</span><span class=""pitch-h"">う</span></rt></ruby>",
冷凍庫に入れておいて。,Put it in the freezer.,冷凍庫,冷凍【れいとう】庫【こ】に入【い】れておいて。,Cooking,polite,freezer,"<ruby class=""vocab"">冷凍庫<rt>れいとうこ</rt></ruby>",
常温に戻してから。,Let it come to room temperature first.,常温,常温【じょうおん】に戻【もど】してから。,Cooking,polite,room temperature,"<ruby class=""vocab"">常温<rt><span class=""pitch-l"">じょ</span><span class=""pitch-h"">う</span><span class=""pitch-h"">お</span><span class=""pitch-h"">ん</span></rt></ruby>",
賞味期限が切れてる。,It's past the expiration date.,賞味期限,賞味【しょうみ】期限【きげん】が切【き】れてる。,Cooking,polite,expiration date,"<ruby class=""vocab"">賞味期限<rt>しょうみきげん</rt></ruby>",
まだ食べられるかな。,Can we still eat this?,食べられる,まだ食【た】べられるかな。,Cooking,polite,can eat,"<ruby class=""vocab"">食べられる<rt>たべられる</rt></ruby>",
匂いを嗅いでみて。,Smell it.,匂い,匂【にお】いを嗅【か】いでみて。,Cooking,polite,smell,"<ruby class=""vocab"">匂い<rt><span class=""pitch-l"">に</span><span class=""pitch-h"">お</span><span class=""pitch-l"">い</span></rt></ruby>",
傷んでるみたい。,It seems spoiled.,傷,傷【いた】んでるみたい。,Cooking,polite,spoil,"<ruby class=""vocab"">傷<rt><span class=""pitch-l"">い</span><span class=""pitch-h"">た</span></rt></ruby>",
もったいないけど捨てよう。,It's wasteful but let's throw it away.,捨,もったいないけど捨【す】てよう。,Cooking,polite,wasteful,"<ruby class=""vocab"">捨<rt><span class=""pitch-l"">す</span></rt></ruby>",
残り物を使い切ろう。,Let's use up the leftovers.,残り物,残【のこ】り物【もの】を使【つか】い切【き】ろう。,Cooking,polite,leftovers,"<ruby class=""vocab"">残り物<rt><span class=""pitch-l"">の</span><span class=""pitch-h"">こ</span><span class=""pitch-h"">り</span><span class=""pitch-h"">も</span><span class=""pitch-h"">の</span></rt></ruby>",
連絡帳に書いてあった。,It was written in the communication notebook.,連絡帳,連絡【れんらく】帳【ちょう】に書【か】いてあった。,School,polite,communication notebook,"<ruby class=""vocab"">連絡帳<rt>れんらくちょう</rt></ruby>",
懇談会は何時からですか?,What time does the parent meeting start?,懇談会,懇談【こんだん】会【かい】は何時【いつ】からですか?,School,polite,parent meeting,"<ruby class=""vocab"">懇談会<rt>こんだんかい</rt></ruby>",
PTAの会議に出なきゃ。,I have to attend the PTA meeting.,PTA,PTAの会議【かいぎ】に出【で】なきゃ。,School,polite,PTA,"<span class=""vocab""><span class=""pitch-l"">P</span><span class=""pitch-h"">T</span><span class=""pitch-h"">A</span></span>",
運動会はいつですか?,When is the sports day?,運動会,運動【うんどう】会【かい】はいつですか?,School,polite,sports day,"<ruby class=""vocab"">運動会<rt>うんどうかい</rt></ruby>",
参観日に行きます。,I'll go to the class observation day.,参観日,参観【さんかん】日【ひ】に行【い】きます。,School,polite,parents day,"<ruby class=""vocab"">参観日<rt>さんかんひ</rt></ruby>",
給食費を払いましたか?,Did you pay the school lunch fee?,給食費,給食【きゅうしょく】費【ひ】を払【はら】いましたか?,School,polite,school lunch fee,"<ruby class=""vocab"">給食費<rt>きゅうしょくひ</rt></ruby>",
宿題は終わった?,Did you finish your homework?,宿題,宿題【しゅくだい】は終【お】わった?,School,polite,homework,"<ruby class=""vocab"">宿題<rt><span class=""pitch-l"">しゅ</span><span class=""pitch-h"">く</span><span class=""pitch-h"">だ</span><span class=""pitch-h"">い</span></rt></ruby>",
明日の持ち物を確認して。,Check what you need to bring tomorrow.,持ち物,明日【あす】の持【も】ち物【もの】を確認【かくにん】して。,School,polite,belongings,"<ruby class=""vocab"">持ち物<rt><span class=""pitch-l"">も</span><span class=""pitch-h"">ち</span><span class=""pitch-l"">も</span><span class=""pitch-l"">の</span></rt></ruby>",
体操服を洗濯に出して。,Put your gym clothes in the laundry.,体操服,体操【たいそう】服【ふく】を洗濯【せんたく】に出【だ】して。,School,polite,gym clothes,"<ruby class=""vocab"">体操服<rt>たいそうふく</rt></ruby>",
上履きを持って帰ってきて。,Bring your indoor shoes home.,上履き,上履【うわば】きを持【も】って帰【かえ】ってきて。,School,polite,indoor shoes,"<ruby class=""vocab"">上履き<rt><span class=""pitch-l"">う</span><span class=""pitch-h"">わ</span><span class=""pitch-h"">ば</span><span class=""pitch-h"">き</span></rt></ruby>",
先生に連絡しなきゃ。,I need to contact the teacher.,先生,先生【せんせい】に連絡【れんらく】しなきゃ。,School,polite,teacher,"<ruby class=""vocab"">先生<rt><span class=""pitch-l"">せ</span><span class=""pitch-h"">ん</span><span class=""pitch-h"">せ</span><span class=""pitch-l"">い</span></rt></ruby>",
学校を休ませます。,I'll keep my child home from school.,学校,学校【がっこう】を休【やす】ませます。,School,polite,school,"<ruby class=""vocab"">学校<rt><span class=""pitch-l"">が</span><span class=""pitch-h"">っ</span><span class=""pitch-h"">こ</span><span class=""pitch-h"">う</span></rt></ruby>",
遠足の準備をしよう。,Let's prepare for the field trip.,遠足,遠足【えんそく】の準備【じゅんび】をしよう。,School,polite,field trip,"<ruby class=""vocab"">遠足<rt><span class=""pitch-l"">え</span><span class=""pitch-h"">ん</span><span class=""pitch-h"">そ</span><span class=""pitch-h"">く</span></rt></ruby>",
成績表をもらった?,Did you get your report card?,成績表,成績【せいせき】表【ひょう】をもらった?,School,polite,report card,"<ruby class=""vocab"">成績表<rt>せいせきひょう</rt></ruby>",
入学式の準備をしよう。,Let's prepare for the entrance ceremony.,入学式,入学【にゅうがく】式【しき】の準備【じゅんび】をしよう。,School,polite,entrance ceremony,"<ruby class=""vocab"">入学式<rt>にゅうがくしき</rt></ruby>",
卒業式に出席します。,I'll attend the graduation ceremony.,卒業式,卒業【そつぎょう】式【しき】に出席【しゅっせき】します。,School,polite,graduation,"<ruby class=""vocab"">卒業式<rt>そつぎょうしき</rt></ruby>",
授業参観があります。,There's a class observation.,授業参観,授業【じゅぎょう】参観【さんかん】があります。,School,polite,class,"<ruby class=""vocab"">授業参観<rt>じゅぎょうさんかん</rt></ruby>",
個人面談の予約を取った。,I made an appointment for a parent-teacher meeting.,個人面談,個人【こじん】面談【めんだん】の予約【よやく】を取【と】った。,School,polite,meeting,"<ruby class=""vocab"">個人面談<rt>こじんめんだん</rt></ruby>",
三者面談に行かなきゃ。,I have to go to the three-way conference.,三者面談,三【さん】者【しゃ】面談【めんだん】に行【い】かなきゃ。,School,polite,parent-teacher conf,"<ruby class=""vocab"">三者面談<rt>さんしゃめんだん</rt></ruby>",
通知表をもらってきた?,Did you bring your report card?,通知表,通知【つうち】表【ひょう】をもらってきた?,School,polite,report card,"<ruby class=""vocab"">通知表<rt>つうちひょう</rt></ruby>",
テストはどうだった?,How was the test?,テスト,テストはどうだった?,School,polite,test,"<ruby class=""vocab"">テスト<rt><span class=""pitch-h"">て</span><span class=""pitch-l"">す</span><span class=""pitch-l"">と</span></rt></ruby>",
もっと勉強しなさい。,Study more.,勉強,もっと勉強【べんきょう】しなさい。,School,polite,study,"<ruby class=""vocab"">勉強<rt><span class=""pitch-l"">べ</span><span class=""pitch-h"">ん</span><span class=""pitch-h"">きょ</span><span class=""pitch-h"">う</span></rt></ruby>",
予習をしておいてね。,Do the preview study.,予習,予習【よしゅう】をしておいてね。,School,polite,preview,"<ruby class=""vocab"">予習<rt><span class=""pitch-l"">よ</span><span class=""pitch-h"">しゅ</span><span class=""pitch-h"">う</span></rt></ruby>",
復習が大事だよ。,Review is important.,復習,復習【ふくしゅう】が大事【だいじ】だよ。,School,polite,review,"<ruby class=""vocab"">復習<rt><span class=""pitch-l"">ふ</span><span class=""pitch-h"">く</span><span class=""pitch-h"">しゅ</span><span class=""pitch-h"">う</span></rt></ruby>",
この問題わかる?,Do you understand this problem?,問題,この問題【もんだい】わかる?,School,polite,understand,"<ruby class=""vocab"">問題<rt><span class=""pitch-l"">も</span><span class=""pitch-h"">ん</span><span class=""pitch-h"">だ</span><span class=""pitch-h"">い</span></rt></ruby>",
教えてあげようか?,Shall I help you?,教える,教【おし】えてあげようか?,School,polite,teach,"<ruby class=""vocab"">教える<rt><span class=""pitch-l"">お</span><span class=""pitch-h"">し</span><span class=""pitch-h"">え</span><span class=""pitch-h"">る</span></rt></ruby>",
自分で考えてみて。,Try thinking for yourself.,自分,自分【じぶん】で考【かんが】えてみて。,School,polite,oneself,"<ruby class=""vocab"">自分<rt><span class=""pitch-l"">じ</span><span class=""pitch-h"">ぶ</span><span class=""pitch-h"">ん</span></rt></ruby>",
字をきれいに書いて。,Write neatly.,字,字【じ】をきれいに書【か】いて。,School,polite,write,"<ruby class=""vocab"">字<rt><span class=""pitch-h"">じ</span></rt></ruby>",
消しゴムを使って。,Use the eraser.,消しゴム,消【け】しゴムを使【つか】って。,School,polite,eraser,"<ruby class=""vocab"">消しゴム<rt>けしゴム</rt></ruby>",
鉛筆を削ってね。,Sharpen your pencil.,鉛筆,鉛筆【えんぴつ】を削【けず】ってね。,School,polite,pencil,"<ruby class=""vocab"">鉛筆<rt><span class=""pitch-l"">え</span><span class=""pitch-h"">ん</span><span class=""pitch-h"">ぴ</span><span class=""pitch-h"">つ</span></rt></ruby>",
ノートに書いて。,Write it in your notebook.,ノート,ノートに書【か】いて。,School,polite,write,"<ruby class=""vocab"">ノート<rt><span class=""pitch-h"">の</span><span class=""pitch-l"">ー</span><span class=""pitch-l"">と</span></rt></ruby>",
教科書を開いて。,Open your textbook.,教科書,教科【きょうか】書【しょ】を開【ひら】いて。,School,polite,open,"<ruby class=""vocab"">教科書<rt>きょうかしょ</rt></ruby>",
プリントを忘れないで。,Don't forget the handout.,プリント,プリントを忘【わす】れないで。,School,polite,forget,"<ruby class=""vocab"">プリント<rt><span class=""pitch-l"">ぷ</span><span class=""pitch-h"">り</span><span class=""pitch-h"">ん</span><span class=""pitch-h"">と</span></rt></ruby>",
ランドセルに入れた?,Did you put it in your school bag?,ランドセル,ランドセルに入【い】れた?,School,polite,school bag,"<ruby class=""vocab"">ランドセル<rt><span class=""pitch-l"">ら</span><span class=""pitch-h"">ん</span><span class=""pitch-h"">ど</span><span class=""pitch-l"">せ</span><span class=""pitch-l"">る</span></rt></ruby>",
友達と仲良くしてね。,Get along with your friends.,友達,友達【ともだち】と仲良【なかよ】くしてね。,School,polite,friends,"<ruby class=""vocab"">友達<rt><span class=""pitch-l"">と</span><span class=""pitch-h"">も</span><span class=""pitch-h"">だ</span><span class=""pitch-h"">ち</span></rt></ruby>",
いじめはダメだよ。,Bullying is not okay.,ダメ,いじめはダメだよ。,School,polite,bullying,"<ruby class=""vocab"">ダメ<rt><span class=""pitch-l"">だ</span><span class=""pitch-h"">め</span></rt></ruby>",
困ったら先生に相談して。,If you have trouble talk to your teacher.,先生,困【こま】ったら先生【せんせい】に相談【そうだん】して。,School,polite,teacher,"<ruby class=""vocab"">先生<rt><span class=""pitch-l"">せ</span><span class=""pitch-h"">ん</span><span class=""pitch-h"">せ</span><span class=""pitch-l"">い</span></rt></ruby>",
今日は学校どうだった?,How was school today?,学校,今日【きょう】は学校【がっこう】どうだった?,School,polite,school,"<ruby class=""vocab"">学校<rt><span class=""pitch-l"">が</span><span class=""pitch-h"">っ</span><span class=""pitch-h"">こ</span><span class=""pitch-h"">う</span></rt></ruby>",
楽しかった?,Did you have fun?,楽,楽【たの】しかった?,School,polite,fun,"<ruby class=""vocab"">楽<rt>たの</rt></ruby>",
包丁を研いでくれる?,Can you sharpen the knife?,包丁,包丁【ほうちょう】を研【と】いでくれる?,Kitchen,polite,knife,"<ruby class=""vocab"">包丁<rt><span class=""pitch-l"">ほ</span><span class=""pitch-h"">う</span><span class=""pitch-h"">ちょ</span><span class=""pitch-h"">う</span></rt></ruby>",
まな板を消毒して。,Disinfect the cutting board.,まな板,まな板【まないた】を消毒【しょうどく】して。,Kitchen,polite,cutting board,"<ruby class=""vocab"">まな板<rt><span class=""pitch-l"">ま</span><span class=""pitch-h"">な</span><span class=""pitch-h"">い</span><span class=""pitch-h"">た</span></rt></ruby>",
フライパンを温めて。,Heat up the frying pan.,フライパン,フライパンを温【あたた】めて。,Kitchen,polite,frying pan,"<ruby class=""vocab"">フライパン<rt><span class=""pitch-l"">ふ</span><span class=""pitch-h"">ら</span><span class=""pitch-h"">い</span><span class=""pitch-h"">ぱ</span><span class=""pitch-h"">ん</span></rt></ruby>",
鍋が焦げついた。,The pot got burnt.,鍋,鍋【なべ】が焦【こ】げついた。,Kitchen,polite,pot,"<ruby class=""vocab"">鍋<rt><span class=""pitch-h"">な</span><span class=""pitch-l"">べ</span></rt></ruby>",
おたまを取って。,Pass me the ladle.,おたま,おたまを取【と】って。,Kitchen,polite,ladle,"<span class=""vocab""><span class=""pitch-l"">お</span><span class=""pitch-h"">た</span><span class=""pitch-l"">ま</span></span>",
菜箸はどこ?,Where are the cooking chopsticks?,菜箸,菜箸【さいばし】はどこ?,Kitchen,polite,cooking chopsticks,"<ruby class=""vocab"">菜箸<rt><span class=""pitch-l"">さ</span><span class=""pitch-h"">い</span><span class=""pitch-h"">ば</span><span class=""pitch-l"">し</span></rt></ruby>",
ボウルに入れて。,Put it in the bowl.,ボウル,ボウルに入【い】れて。,Kitchen,polite,bowl,"<ruby class=""vocab"">ボウル<rt><span class=""pitch-l"">ぼ</span><span class=""pitch-h"">う</span><span class=""pitch-h"">る</span></rt></ruby>",
ざるで水を切って。,Drain the water with a colander.,ざる,ざるで水【みず】を切【き】って。,Kitchen,polite,colander,"<span class=""vocab"">ざる</span>",
計量カップが必要。,I need a measuring cup.,計量カップ,計量【けいりょう】カップが必要【ひつよう】。,Kitchen,polite,measuring cup,"<ruby class=""vocab"">計量カップ<rt>けいりょうカップ</rt></ruby>",
タイマーをセットして。,Set the timer.,タイマー,タイマーをセットして。,Kitchen,polite,timer,"<ruby class=""vocab"">タイマー<rt><span class=""pitch-h"">た</span><span class=""pitch-l"">い</span><span class=""pitch-l"">ま</span><span class=""pitch-l"">ー</span></rt></ruby>",
炊飯器のスイッチを入れて。,Turn on the rice cooker.,炊飯器,炊飯【すいはん】器【き】のスイッチを入【い】れて。,Kitchen,polite,rice cooker,"<ruby class=""vocab"">炊飯器<rt>すいはんき</rt></ruby>",
オーブンを予熱して。,Preheat the oven.,オーブン,オーブンを予熱【よねつ】して。,Kitchen,polite,oven,"<ruby class=""vocab"">オーブン<rt><span class=""pitch-h"">お</span><span class=""pitch-l"">ー</span><span class=""pitch-l"">ぶ</span><span class=""pitch-l"">ん</span></rt></ruby>",
泡立て器で混ぜて。,Mix with a whisk.,泡立て器,泡立【あわだ】て器【き】で混【ま】ぜて。,Kitchen,polite,whisk,"<ruby class=""vocab"">泡立て器<rt>あわだてき</rt></ruby>",
ピーラーで皮をむいて。,Peel it with the peeler.,ピーラー,ピーラーで皮【かわ】をむいて。,Kitchen,polite,peeler,"<ruby class=""vocab"">ピーラー<rt><span class=""pitch-l"">ぴ</span><span class=""pitch-h"">ー</span><span class=""pitch-h"">ら</span><span class=""pitch-h"">ー</span></rt></ruby>",
キッチンペーパーを取って。,Get me some paper towels.,キッチンペーパー,キッチンペーパーを取【と】って。,Kitchen,polite,paper towels,"<span class=""vocab"">キッチンペーパー</span>",
ラップをかけて保存して。,Cover with plastic wrap and store.,ラップ,ラップをかけて保存【ほぞん】して。,Kitchen,polite,plastic wrap,"<ruby class=""vocab"">ラップ<rt><span class=""pitch-h"">ら</span><span class=""pitch-l"">っ</span><span class=""pitch-l"">ぷ</span></rt></ruby>",
タッパーに入れて。,Put it in a container.,タッパー,タッパーに入【い】れて。,Kitchen,polite,container,"<ruby class=""vocab"">タッパー<rt><span class=""pitch-h"">た</span><span class=""pitch-l"">っ</span><span class=""pitch-l"">ぱ</span><span class=""pitch-l"">ー</span></rt></ruby>",
食洗機を回します。,I'll run the dishwasher.,食洗機,食洗【しょくせん】機【き】を回【まわ】します。,Kitchen,polite,dishwasher,"<ruby class=""vocab"">食洗機<rt>しょくせんき</rt></ruby>",
コンロが汚れている。,The stove is dirty.,コンロ,コンロが汚【よご】れている。,Kitchen,polite,stove,"<ruby class=""vocab"">コンロ<rt><span class=""pitch-h"">こ</span><span class=""pitch-l"">ん</span><span class=""pitch-l"">ろ</span></rt></ruby>",
換気扇を回して。,Turn on the exhaust fan.,換気扇,換気【かんき】扇【せん】を回【まわ】して。,Kitchen,polite,exhaust fan,"<ruby class=""vocab"">換気扇<rt>かんきせん</rt></ruby>",
美容院を予約した。,I made a hair salon appointment.,美容院,美容【びよう】院【いん】を予約【よやく】した。,Beauty,polite,hair salon,"<ruby class=""vocab"">美容院<rt>びよういん</rt></ruby>",
3センチ切ってください。,Please cut 3 centimeters.,3センチ,3センチ切【き】ってください。,Beauty,polite,3 centimeters,"<span class=""vocab"">3センチ</span>",
前髪を揃えてください。,Please trim my bangs.,前髪,前髪【まえがみ】を揃【そろ】えてください。,Beauty,polite,bangs,"<ruby class=""vocab"">前髪<rt><span class=""pitch-l"">ま</span><span class=""pitch-h"">え</span><span class=""pitch-h"">が</span><span class=""pitch-h"">み</span></rt></ruby>",
カラーリングをお願いします。,I'd like to get my hair colored.,カラーリング,カラーリングをお願【ねが】いします。,Beauty,polite,hair coloring,"<ruby class=""vocab"">カラーリング<rt><span class=""pitch-l"">か</span><span class=""pitch-h"">ら</span><span class=""pitch-h"">ー</span><span class=""pitch-h"">り</span><span class=""pitch-h"">ん</span><span class=""pitch-h"">ぐ</span></rt></ruby>",
パーマをかけたいです。,I'd like to get a perm.,パーマ,パーマをかけたいです。,Beauty,polite,perm,"<ruby class=""vocab"">パーマ<rt><span class=""pitch-h"">ぱ</span><span class=""pitch-l"">ー</span><span class=""pitch-l"">ま</span></rt></ruby>",
このサイズはありますか?,Do you have this size?,サイズ,このサイズはありますか?,Beauty,polite,size,"<ruby class=""vocab"">サイズ<rt><span class=""pitch-h"">さ</span><span class=""pitch-l"">い</span><span class=""pitch-l"">ず</span></rt></ruby>",
試着してもいいですか?,May I try this on?,試着,試着【しちゃく】してもいいですか?,Beauty,polite,fitting,"<ruby class=""vocab"">試着<rt><span class=""pitch-l"">し</span><span class=""pitch-h"">ちゃ</span><span class=""pitch-h"">く</span></rt></ruby>",
お直しをお願いできますか?,Can you alter this?,お直し,お直【なお】しをお願【ねが】いできますか?,Beauty,polite,alterations,"<ruby class=""vocab"">お直し<rt>おなおし</rt></ruby>",
教会に行きます。,I'm going to church.,教会,教会【きょうかい】に行【い】きます。,Church,polite,church,"<ruby class=""vocab"">教会<rt><span class=""pitch-l"">きょ</span><span class=""pitch-h"">う</span><span class=""pitch-h"">か</span><span class=""pitch-h"">い</span></rt></ruby>",
日曜礼拝は何時からですか?,What time does Sunday service start?,日曜礼拝,日曜【にちよう】礼拝【れいはい】は何時【いつ】からですか?,Church,polite,Sunday service,"<ruby class=""vocab"">日曜礼拝<rt>にちようれいはい</rt></ruby>",
賛美歌を歌いましょう。,Let's sing hymns.,賛美歌,賛美【さんび】歌【か】を歌【うた】いましょう。,Church,polite,hymns,"<ruby class=""vocab"">賛美歌<rt>さんびか</rt></ruby>",
聖書を読みましょう。,Let's read the Bible.,聖書,聖書【せいしょ】を読【よ】みましょう。,Church,polite,Bible,"<ruby class=""vocab"">聖書<rt><span class=""pitch-h"">せ</span><span class=""pitch-l"">い</span><span class=""pitch-l"">しょ</span></rt></ruby>",
お祈りしましょう。,Let's pray.,お祈り,お祈【いの】りしましょう。,Church,polite,prayer,"<ruby class=""vocab"">お祈り<rt>おいのり</rt></ruby>",
牧師さんにお話を聞きたい。,I'd like to talk to the pastor.,牧師,牧師【ぼくし】さんにお話【はなし】を聞【き】きたい。,Church,polite,pastor,"<ruby class=""vocab"">牧師<rt><span class=""pitch-l"">ぼ</span><span class=""pitch-h"">く</span><span class=""pitch-h"">し</span></rt></ruby>",
洗礼を受けたいです。,I'd like to be baptized.,洗礼,洗礼【せんれい】を受【う】けたいです。,Church,polite,baptism,"<ruby class=""vocab"">洗礼<rt><span class=""pitch-l"">せ</span><span class=""pitch-h"">ん</span><span class=""pitch-h"">れ</span><span class=""pitch-h"">い</span></rt></ruby>",
聖書勉強会に参加します。,I'll attend Bible study.,聖書勉強会,聖書【せいしょ】勉強【べんきょう】会【かい】に参加【さんか】します。,Church,polite,Bible study,"<ruby class=""vocab"">聖書勉強会<rt>せいしょべんきょうかい</rt></ruby>",
日曜学校に子供を連れて行く。,I'll take the children to Sunday school.,日曜学校,日曜【にちよう】学校【がっこう】に子供【こども】を連【つ】れて行【い】く。,Church,polite,Sunday school,"<ruby class=""vocab"">日曜学校<rt>にちようがっこう</rt></ruby>",
救いを信じています。,I believe in salvation.,救い,救【すく】いを信【しん】じています。,Church,polite,salvation,"<ruby class=""vocab"">救い<rt><span class=""pitch-l"">す</span><span class=""pitch-h"">く</span><span class=""pitch-h"">い</span></rt></ruby>",
福音を伝えたい。,I want to share the gospel.,福音,福音【ふくいん】を伝【つた】えたい。,Church,polite,gospel,"<ruby class=""vocab"">福音<rt><span class=""pitch-l"">ふ</span><span class=""pitch-h"">く</span><span class=""pitch-h"">い</span><span class=""pitch-h"">ん</span></rt></ruby>",
神様に祈ります。,I pray to God.,神様,神【かみ】様【さま】に祈【いの】ります。,Church,polite,God,"<ruby class=""vocab"">神様<rt>かみさま</rt></ruby>",
主に感謝します。,I thank the Lord.,主,主【しゅ】に感謝【かんしゃ】します。,Church,polite,the Lord,"<ruby class=""vocab"">主<rt><span class=""pitch-h"">しゅ</span></rt></ruby>",
恵みに感謝します。,I'm grateful for the blessings.,恵み,恵【めぐ】みに感謝【かんしゃ】します。,Church,polite,blessings,"<ruby class=""vocab"">恵み<rt><span class=""pitch-l"">め</span><span class=""pitch-h"">ぐ</span><span class=""pitch-h"">み</span></rt></ruby>",
食前のお祈りをしよう。,Let's pray before the meal.,食前,食前【しょくぜん】のお祈【いの】りをしよう。,Church,polite,before meal,"<ruby class=""vocab"">食前<rt><span class=""pitch-l"">しょ</span><span class=""pitch-h"">く</span><span class=""pitch-h"">ぜ</span><span class=""pitch-h"">ん</span></rt></ruby>",
寝る前にお祈りしようね。,Let's pray before bed.,寝る前,寝【ね】る前【まえ】にお祈【いの】りしようね。,Church,polite,before bed,"<ruby class=""vocab"">寝る前<rt>ねるまえ</rt></ruby>",
教会の人たちは親切だね。,The church people are kind.,教会,教会【きょうかい】の人【ひと】たちは親切【しんせつ】だね。,Church,polite,church,"<ruby class=""vocab"">教会<rt><span class=""pitch-l"">きょ</span><span class=""pitch-h"">う</span><span class=""pitch-h"">か</span><span class=""pitch-h"">い</span></rt></ruby>",
奉仕活動に参加したい。,I want to join volunteer activities.,奉仕活動,奉仕【ほうし】活動【かつどう】に参加【さんか】したい。,Church,polite,service,"<ruby class=""vocab"">奉仕活動<rt>ほうしかつどう</rt></ruby>",
永遠の命を信じます。,I believe in eternal life.,永遠の命,永遠【えいえん】の命【いのち】を信【しん】じます。,Church,polite,eternal life,"<ruby class=""vocab"">永遠の命<rt>えいえんのいのち</rt></ruby>",
聖歌隊に入りたい。,I want to join the choir.,聖歌隊,聖歌【せいか】隊【たい】に入【はい】りたい。,Church,polite,hymn,"<ruby class=""vocab"">聖歌隊<rt>せいかたい</rt></ruby>",
信仰を大切にしたい。,I want to cherish my faith.,信仰,信仰【しんこう】を大切【たいせつ】にしたい。,Church,polite,faith,"<ruby class=""vocab"">信仰<rt><span class=""pitch-l"">し</span><span class=""pitch-h"">ん</span><span class=""pitch-h"">こ</span><span class=""pitch-h"">う</span></rt></ruby>",
お導きください。,Please guide me.,導き,お導【みちび】きください。,Church,polite,guidance,"<ruby class=""vocab"">導き<rt><span class=""pitch-l"">み</span><span class=""pitch-h"">ち</span><span class=""pitch-h"">び</span><span class=""pitch-l"">き</span></rt></ruby>",
平和のために祈ります。,I pray for peace.,平和,平和【へいわ】のために祈【いの】ります。,Church,polite,peace,"<ruby class=""vocab"">平和<rt><span class=""pitch-l"">へ</span><span class=""pitch-h"">い</span><span class=""pitch-h"">わ</span></rt></ruby>",
家族の健康を祈ります。,I pray for my family's health.,健康,家族【かぞく】の健康【けんこう】を祈【いの】ります。,Church,polite,health,"<ruby class=""vocab"">健康<rt><span class=""pitch-l"">け</span><span class=""pitch-h"">ん</span><span class=""pitch-h"">こ</span><span class=""pitch-h"">う</span></rt></ruby>",
感謝の気持ちを忘れずに。,Don't forget to be grateful.,感謝,感謝【かんしゃ】の気持【きも】ちを忘【わす】れずに。,Church,polite,gratitude,"<ruby class=""vocab"">感謝<rt><span class=""pitch-h"">か</span><span class=""pitch-l"">ん</span><span class=""pitch-l"">しゃ</span></rt></ruby>",
隣人を愛しましょう。,Let us love our neighbors.,隣人,隣人【りんじん】を愛【あい】しましょう。,Church,polite,neighbor,"<ruby class=""vocab"">隣人<rt><span class=""pitch-l"">り</span><span class=""pitch-h"">ん</span><span class=""pitch-h"">じ</span><span class=""pitch-h"">ん</span></rt></ruby>",
許すことが大切です。,Forgiveness is important.,大切,許【ゆる】すことが大切【たいせつ】です。,Church,polite,important,"<ruby class=""vocab"">大切<rt><span class=""pitch-l"">た</span><span class=""pitch-h"">い</span><span class=""pitch-h"">せ</span><span class=""pitch-h"">つ</span></rt></ruby>",
困っている人を助けよう。,Let's help those in need.,困っている人,困【こま】っている人【ひと】を助【たす】けよう。,Church,polite,people in need,"<ruby class=""vocab"">困っている人<rt>こまっているひと</rt></ruby>",
思いやりの心を持とう。,Let's have compassion.,思いやり,思【おも】いやりの心【こころ】を持【も】とう。,Church,polite,compassion,"<ruby class=""vocab"">思いやり<rt><span class=""pitch-l"">お</span><span class=""pitch-h"">も</span><span class=""pitch-h"">い</span><span class=""pitch-h"">や</span><span class=""pitch-h"">り</span></rt></ruby>",
正直に生きよう。,Let's live honestly.,正直,正直【しょうじき】に生【い】きよう。,Church,polite,honest,"<ruby class=""vocab"">正直<rt><span class=""pitch-l"">しょ</span><span class=""pitch-h"">う</span><span class=""pitch-h"">じ</span><span class=""pitch-l"">き</span></rt></ruby>",
希望を持って生きよう。,Let's live with hope.,希望,希望【きぼう】を持【も】って生【い】きよう。,Church,polite,hope,"<ruby class=""vocab"">希望<rt><span class=""pitch-l"">き</span><span class=""pitch-h"">ぼ</span><span class=""pitch-h"">う</span></rt></ruby>",
地震だ!,Earthquake!,地震,地震【じしん】だ!,Disaster,polite,earthquake,"<ruby class=""vocab"">地震<rt><span class=""pitch-l"">じ</span><span class=""pitch-h"">し</span><span class=""pitch-h"">ん</span></rt></ruby>",
机の下に隠れて!,Get under the desk!,机の下,机【つくえ】の下【した】に隠【かく】れて!,Disaster,polite,under desk,"<ruby class=""vocab"">机の下<rt>つくえのした</rt></ruby>",
津波警報が出ました。,A tsunami warning was issued.,津波警報,津波【つなみ】警報【けいほう】が出【で】ました。,Disaster,polite,tsunami warning,"<ruby class=""vocab"">津波警報<rt>つなみけいほう</rt></ruby>",
高台に逃げてください。,Evacuate to higher ground.,高台,高台【たかだい】に逃【に】げてください。,Disaster,polite,higher ground,"<ruby class=""vocab"">高台<rt><span class=""pitch-l"">た</span><span class=""pitch-h"">か</span><span class=""pitch-h"">だ</span><span class=""pitch-h"">い</span></rt></ruby>",
台風が近づいています。,A typhoon is approaching.,台風,台風【たいふう】が近【ちか】づいています。,Disaster,polite,typhoon,"<ruby class=""vocab"">台風<rt><span class=""pitch-l"">た</span><span class=""pitch-h"">い</span><span class=""pitch-h"">ふ</span><span class=""pitch-l"">う</span></rt></ruby>",
洪水の危険があります。,There's a risk of flooding.,洪水,洪水【こうずい】の危険【きけん】があります。,Disaster,polite,flood,"<ruby class=""vocab"">洪水<rt><span class=""pitch-l"">こ</span><span class=""pitch-h"">う</span><span class=""pitch-h"">ず</span><span class=""pitch-h"">い</span></rt></ruby>",
余震に気をつけて。,Be careful of aftershocks.,余震,余震【よしん】に気【き】をつけて。,Disaster,polite,aftershock,"<ruby class=""vocab"">余震<rt><span class=""pitch-l"">よ</span><span class=""pitch-h"">し</span><span class=""pitch-h"">ん</span></rt></ruby>",
ガスの元栓を閉めて。,Turn off the gas main valve.,元栓,ガスの元栓【もとせん】を閉【し】めて。,Disaster,polite,main valve,"<ruby class=""vocab"">元栓<rt><span class=""pitch-l"">も</span><span class=""pitch-h"">と</span><span class=""pitch-h"">せ</span><span class=""pitch-h"">ん</span></rt></ruby>",
ブレーカーを落として。,Turn off the breaker.,ブレーカー,ブレーカーを落【お】として。,Disaster,polite,breaker,"<ruby class=""vocab"">ブレーカー<rt><span class=""pitch-l"">ぶ</span><span class=""pitch-h"">れ</span><span class=""pitch-l"">ー</span><span class=""pitch-l"">か</span><span class=""pitch-l"">ー</span></rt></ruby>",
安否確認をしなきゃ。,I need to check if everyone is safe.,安否確認,安否【あんぴ】確認【かくにん】をしなきゃ。,Disaster,polite,safety check,"<ruby class=""vocab"">安否確認<rt>あんぴかくにん</rt></ruby>",
家族と連絡が取れない。,I can't reach my family.,家族,家族【かぞく】と連絡【れんらく】が取【と】れない。,Disaster,polite,family,"<ruby class=""vocab"">家族<rt><span class=""pitch-h"">か</span><span class=""pitch-l"">ぞ</span><span class=""pitch-l"">く</span></rt></ruby>",
スーパーに行ってくる。,I'm going to the supermarket.,スーパー,スーパーに行【い】ってくる。,Grocery,polite,supermarket,"<ruby class=""vocab"">スーパー<rt><span class=""pitch-h"">す</span><span class=""pitch-l"">ー</span><span class=""pitch-l"">ぱ</span><span class=""pitch-l"">ー</span></rt></ruby>",
特売があるみたい。,There seems to be a sale.,特売,特売【とくばい】があるみたい。,Grocery,polite,sale,"<ruby class=""vocab"">特売<rt><span class=""pitch-l"">と</span><span class=""pitch-h"">く</span><span class=""pitch-h"">ば</span><span class=""pitch-h"">い</span></rt></ruby>",
今日は何が安い?,What's on sale today?,安い,今日【きょう】は何【なに】が安【やす】い?,Grocery,polite,cheap/on sale,"<ruby class=""vocab"">安い<rt><span class=""pitch-l"">や</span><span class=""pitch-h"">す</span><span class=""pitch-l"">い</span></rt></ruby>",
賞味期限を確認して。,Check the expiration date.,賞味期限,賞味【しょうみ】期限【きげん】を確認【かくにん】して。,Grocery,polite,expiration date,"<ruby class=""vocab"">賞味期限<rt>しょうみきげん</rt></ruby>",
ポイントカードはお持ちですか?,Do you have a point card?,ポイントカード,ポイントカードはお持【も】ちですか?,Grocery,polite,point card,"<span class=""vocab"">ポイントカード</span>",
エコバッグを持ってきた。,I brought my eco bag.,エコバッグ,エコバッグを持【も】ってきた。,Grocery,polite,eco bag,"<span class=""vocab"">エコバッグ</span>",
レジが混んでいる。,The checkout line is crowded.,レジ,レジが混【こ】んでいる。,Grocery,polite,register,"<ruby class=""vocab"">レジ<rt><span class=""pitch-h"">れ</span><span class=""pitch-l"">じ</span></rt></ruby>",
カートを取ってきて。,Get a shopping cart.,カート,カートを取【と】ってきて。,Grocery,polite,cart,"<ruby class=""vocab"">カート<rt><span class=""pitch-h"">か</span><span class=""pitch-l"">ー</span><span class=""pitch-l"">と</span></rt></ruby>",
買い物リストを作った。,I made a shopping list.,買い物リスト,買【か】い物【もの】リストを作【つく】った。,Grocery,polite,shopping list,"<ruby class=""vocab"">買い物リスト<rt>かいものリスト</rt></ruby>",
冷凍食品コーナーはどこ?,Where is the frozen food section?,冷凍食品,冷凍【れいとう】食品【しょくひん】コーナーはどこ?,Grocery,polite,frozen food,"<ruby class=""vocab"">冷凍食品<rt>れいとうしょくひん</rt></ruby>",
お惣菜を買おうか。,Shall we buy some prepared food?,お惣菜,お惣菜【そうざい】を買【か】おうか。,Grocery,polite,prepared food,"<ruby class=""vocab"">お惣菜<rt>そうざい</rt></ruby>",
試食できますか?,Can I try a sample?,試食,試食【ししょく】できますか?,Grocery,polite,tasting,"<ruby class=""vocab"">試食<rt><span class=""pitch-l"">し</span><span class=""pitch-h"">しょ</span><span class=""pitch-h"">く</span></rt></ruby>",
これは国産ですか?,Is this domestic?,国産,これは国産【こくさん】ですか?,Grocery,polite,domestic,"<ruby class=""vocab"">国産<rt><span class=""pitch-l"">こ</span><span class=""pitch-h"">く</span><span class=""pitch-h"">さ</span><span class=""pitch-h"">ん</span></rt></ruby>",
有機野菜を探しています。,I'm looking for organic vegetables.,有機野菜,有機【ゆうき】野菜【やさい】を探【さが】しています。,Grocery,polite,organic vegetables,"<ruby class=""vocab"">有機野菜<rt>ゆうきやさい</rt></ruby>",
会計は現金でお願いします。,I'll pay in cash.,会計,会計【かいけい】は現金【げんきん】でお願【ねが】いします。,Grocery,polite,checkout,"<ruby class=""vocab"">会計<rt><span class=""pitch-l"">か</span><span class=""pitch-h"">い</span><span class=""pitch-h"">け</span><span class=""pitch-h"">い</span></rt></ruby>",
クレジットカードは使えますか?,Can I use a credit card?,クレジットカード,クレジットカードは使【つか】えますか?,Grocery,polite,credit card,"<span class=""vocab"">クレジットカード</span>",
袋は要りません。,I don't need a bag.,袋,袋【ふくろ】は要【い】りません。,Grocery,polite,bag,"<ruby class=""vocab"">袋<rt><span class=""pitch-l"">ふ</span><span class=""pitch-h"">く</span><span class=""pitch-h"">ろ</span></rt></ruby>",
セルフレジを使います。,I'll use the self-checkout.,セルフレジ,セルフレジを使【つか】います。,Grocery,polite,self-checkout,"<span class=""vocab"">セルフレジ</span>",
玉ねぎが高くなった。,Onions have gotten expensive.,玉ねぎ,玉【たま】ねぎが高【たか】くなった。,Grocery,polite,onion,"<ruby class=""vocab"">玉ねぎ<rt><span class=""pitch-l"">た</span><span class=""pitch-h"">ま</span><span class=""pitch-h"">ね</span><span class=""pitch-l"">ぎ</span></rt></ruby>",
まとめ買いした方がお得です。,Buying in bulk is a better deal.,お得,まとめ買【まとめが】いした方【ほう】がお得【とく】です。,Grocery,polite,good deal,"<ruby class=""vocab"">お得<rt>とく</rt></ruby>",
公園に行こう。,Let's go to the park.,公園,公園【こうえん】に行【い】こう。,Parks,polite,park,"<ruby class=""vocab"">公園<rt><span class=""pitch-l"">こ</span><span class=""pitch-h"">う</span><span class=""pitch-h"">え</span><span class=""pitch-h"">ん</span></rt></ruby>",
遊園地に連れて行って。,Take me to the amusement park.,遊園地,遊園【ゆうえん】地【ち】に連【つ】れて行【い】って。,Parks,polite,amusement park,"<ruby class=""vocab"">遊園地<rt>ゆうえんち</rt></ruby>",
動物園は何時まで?,Until what time is the zoo open?,動物園,動物【どうぶつ】園【えん】は何【なん】時【じ】まで?,Parks,polite,zoo,"<ruby class=""vocab"">動物園<rt>どうぶつえん</rt></ruby>",
ピクニックをしよう。,Let's have a picnic.,ピクニック,ピクニックをしよう。,Parks,polite,picnic,"<ruby class=""vocab"">ピクニック<rt><span class=""pitch-h"">ぴ</span><span class=""pitch-l"">く</span><span class=""pitch-l"">に</span><span class=""pitch-l"">っ</span><span class=""pitch-l"">く</span></rt></ruby>",
お弁当を持って行こう。,Let's bring lunch boxes.,お弁当,お弁当【べんとう】を持【も】って行【い】こう。,Parks,polite,lunch box,"<ruby class=""vocab"">お弁当<rt>べんとう</rt></ruby>",
滑り台で遊ぼう。,Let's play on the slide.,滑り台,滑【すべ】り台【だい】で遊【あそ】ぼう。,Parks,polite,slide,"<ruby class=""vocab"">滑り台<rt><span class=""pitch-l"">す</span><span class=""pitch-h"">べ</span><span class=""pitch-h"">り</span><span class=""pitch-l"">だ</span><span class=""pitch-l"">い</span></rt></ruby>",
ブランコに乗りたい。,I want to ride the swing.,ブランコ,ブランコに乗【の】りたい。,Parks,polite,swing,"<ruby class=""vocab"">ブランコ<rt><span class=""pitch-h"">ぶ</span><span class=""pitch-l"">ら</span><span class=""pitch-l"">ん</span><span class=""pitch-l"">こ</span></rt></ruby>",
今日は暑いですね。,It's hot today isn't it.,暑い,今日【きょう】は暑【あつ】いですね。,Small-Talk,polite,hot,"<ruby class=""vocab"">暑い<rt><span class=""pitch-l"">あ</span><span class=""pitch-h"">つ</span><span class=""pitch-l"">い</span></rt></ruby>",
雨が降りそうですね。,It looks like it might rain.,雨,雨【あめ】が降【ふ】りそうですね。,Small-Talk,polite,rain,"<ruby class=""vocab"">雨<rt><span class=""pitch-h"">あ</span><span class=""pitch-l"">め</span></rt></ruby>",
桜がきれいですね。,The cherry blossoms are beautiful.,桜,桜【さくら】がきれいですね。,Small-Talk,polite,cherry blossoms,"<ruby class=""vocab"">桜<rt><span class=""pitch-l"">さ</span><span class=""pitch-h"">く</span><span class=""pitch-h"">ら</span></rt></ruby>",
お子さんは何歳ですか?,How old is your child?,お子さん,お子【こ】さんは何【なん】歳【さい】ですか?,Small-Talk,polite,child,"<ruby class=""vocab"">お子さん<rt>おこさん</rt></ruby>",
最近お忙しいですか?,Have you been busy lately?,忙しい,最近【さいきん】お忙【いそが】しいですか?,Small-Talk,polite,busy,"<ruby class=""vocab"">忙しい<rt><span class=""pitch-l"">い</span><span class=""pitch-h"">そ</span><span class=""pitch-h"">が</span><span class=""pitch-h"">し</span><span class=""pitch-l"">い</span></rt></ruby>",
お元気ですか?,How are you?,元気,お元気【げんき】ですか?,Small-Talk,polite,healthy,"<ruby class=""vocab"">元気<rt><span class=""pitch-h"">げ</span><span class=""pitch-l"">ん</span><span class=""pitch-l"">き</span></rt></ruby>",
良い天気ですね。,Nice weather isn't it.,天気,良【よ】い天気【てんき】ですね。,Small-Talk,polite,weather,"<ruby class=""vocab"">天気<rt><span class=""pitch-h"">て</span><span class=""pitch-l"">ん</span><span class=""pitch-l"">き</span></rt></ruby>",
寒くなりましたね。,It's gotten cold hasn't it.,寒い,寒【さむ】くなりましたね。,Small-Talk,polite,cold,"<ruby class=""vocab"">寒い<rt><span class=""pitch-l"">さ</span><span class=""pitch-h"">む</span><span class=""pitch-l"">い</span></rt></ruby>",
いいお天気ですね。,It's nice weather.,天気,いいお天気【てんき】ですね。,Small-Talk,polite,weather,"<ruby class=""vocab"">天気<rt><span class=""pitch-h"">て</span><span class=""pitch-l"">ん</span><span class=""pitch-l"">き</span></rt></ruby>",
蒸し暑いですね。,It's humid.,蒸し暑い,蒸【む】し暑【あつ】いですね。,Small-Talk,polite,humid,"<ruby class=""vocab"">蒸し暑い<rt><span class=""pitch-l"">む</span><span class=""pitch-h"">し</span><span class=""pitch-h"">あ</span><span class=""pitch-h"">つ</span><span class=""pitch-l"">い</span></rt></ruby>",
涼しくなりましたね。,It's gotten cool.,涼しい,涼【すず】しくなりましたね。,Small-Talk,polite,cool,"<ruby class=""vocab"">涼しい<rt><span class=""pitch-l"">す</span><span class=""pitch-h"">ず</span><span class=""pitch-h"">し</span><span class=""pitch-l"">い</span></rt></ruby>",
春らしくなってきましたね。,It's starting to feel like spring.,春,春【はる】らしくなってきましたね。,Small-Talk,polite,spring,"<ruby class=""vocab"">春<rt><span class=""pitch-h"">は</span><span class=""pitch-l"">る</span></rt></ruby>",
紅葉がきれいですね。,The autumn leaves are beautiful.,紅葉,紅葉【こうよう】がきれいですね。,Small-Talk,polite,autumn,"<ruby class=""vocab"">紅葉<rt><span class=""pitch-l"">こ</span><span class=""pitch-h"">う</span><span class=""pitch-h"">よ</span><span class=""pitch-h"">う</span></rt></ruby>",
雪が降りそうですね。,It looks like it might snow.,雪,雪【ゆき】が降【ふ】りそうですね。,Small-Talk,polite,snow,"<ruby class=""vocab"">雪<rt><span class=""pitch-l"">ゆ</span><span class=""pitch-h"">き</span></rt></ruby>",
風が強いですね。,The wind is strong.,風,風【かぜ】が強【つよ】いですね。,Small-Talk,polite,wind,"<ruby class=""vocab"">風<rt>かぜ</rt></ruby>",
お子さん大きくなりましたね。,Your child has grown.,お子さん,お子【こ】さん大【おお】きくなりましたね。,Small-Talk,polite,your child,"<ruby class=""vocab"">お子さん<rt>おこさん</rt></ruby>",
お元気そうで何よりです。,I'm glad you look well.,元気,お元気【げんき】そうで何【なに】よりです。,Small-Talk,polite,healthy/well,"<ruby class=""vocab"">元気<rt><span class=""pitch-h"">げ</span><span class=""pitch-l"">ん</span><span class=""pitch-l"">き</span></rt></ruby>",
最近どうですか?,How have you been?,最近,最近【さいきん】どうですか?,Small-Talk,polite,recently,"<ruby class=""vocab"">最近<rt><span class=""pitch-l"">さ</span><span class=""pitch-h"">い</span><span class=""pitch-h"">き</span><span class=""pitch-h"">ん</span></rt></ruby>",
お久しぶりです。,Long time no see.,お久しぶり,お久【ひさ】しぶりです。,Small-Talk,polite,long time no see,"<ruby class=""vocab"">お久しぶり<rt>おひさしぶり</rt></ruby>",
またお会いできて嬉しいです。,Nice to see you again.,会う,またお会【あ】いできて嬉【うれ】しいです。,Small-Talk,polite,meet,"<ruby class=""vocab"">会う<rt><span class=""pitch-h"">あ</span><span class=""pitch-l"">う</span></rt></ruby>",
今度ゆっくりお話ししましょう。,Let's chat properly sometime.,今度,今度【こんど】ゆっくりお話【はな】ししましょう。,Small-Talk,polite,next time,"<ruby class=""vocab"">今度<rt><span class=""pitch-h"">こ</span><span class=""pitch-l"">ん</span><span class=""pitch-l"">ど</span></rt></ruby>",
お体に気をつけてください。,Please take care of yourself.,気をつける,お体【からだ】に気【き】をつけてください。,Small-Talk,polite,be careful,"<ruby class=""vocab"">気をつける<rt>きをつける</rt></ruby>",
風邪をひかないでくださいね。,Don't catch a cold.,風邪,風邪【かぜ】をひかないでくださいね。,Small-Talk,polite,cold,"<ruby class=""vocab"">風邪<rt><span class=""pitch-l"">か</span><span class=""pitch-h"">ぜ</span></rt></ruby>",
お気をつけてお帰りください。,Get home safely.,気をつける,お気【き】をつけてお帰【かえ】りください。,Small-Talk,polite,be careful,"<ruby class=""vocab"">気をつける<rt>きをつける</rt></ruby>",
素敵なお洋服ですね。,What lovely clothes.,素敵,素敵【すてき】なお洋服【ようふく】ですね。,Small-Talk,polite,lovely,"<ruby class=""vocab"">素敵<rt><span class=""pitch-l"">す</span><span class=""pitch-h"">て</span><span class=""pitch-h"">き</span></rt></ruby>",
髪型変えましたか?,Did you change your hairstyle?,髪型,髪型【かみがた】変【か】えましたか?,Small-Talk,polite,hairstyle,"<ruby class=""vocab"">髪型<rt><span class=""pitch-l"">か</span><span class=""pitch-h"">み</span><span class=""pitch-h"">が</span><span class=""pitch-h"">た</span></rt></ruby>",
その鞄素敵ですね。,That bag is lovely.,鞄,その鞄【かばん】素敵【すてき】ですね。,Small-Talk,polite,bag,"<ruby class=""vocab"">鞄<rt><span class=""pitch-l"">か</span><span class=""pitch-h"">ば</span><span class=""pitch-h"">ん</span></rt></ruby>",
どちらで買われたんですか?,Where did you buy it?,鞄,どちらで買【か】われたんですか?,Small-Talk,polite,bag,"<ruby class=""vocab"">鞄<rt><span class=""pitch-l"">か</span><span class=""pitch-h"">ば</span><span class=""pitch-h"">ん</span></rt></ruby>",
よくできたね!,You did great!,よくできたね,よくできたね!,Discipline,polite,well done,"<span class=""vocab"">よくできたね</span>",
頑張ったね。,You worked hard.,頑張る,頑張【がんば】ったね。,Discipline,polite,try hard,"<ruby class=""vocab"">頑張る<rt><span class=""pitch-l"">が</span><span class=""pitch-h"">ん</span><span class=""pitch-h"">ば</span><span class=""pitch-l"">る</span></rt></ruby>",
偉いね。,Good job.,偉い,偉【えら】いね。,Discipline,polite,good job,"<ruby class=""vocab"">偉い<rt><span class=""pitch-l"">え</span><span class=""pitch-h"">ら</span><span class=""pitch-l"">い</span></rt></ruby>",
約束を守ってね。,Keep your promise.,約束,約束【やくそく】を守【まも】ってね。,Discipline,polite,promise,"<ruby class=""vocab"">約束<rt><span class=""pitch-l"">や</span><span class=""pitch-h"">く</span><span class=""pitch-h"">そ</span><span class=""pitch-h"">く</span></rt></ruby>",
ダメって言ったでしょ。,I said no.,ダメ,ダメって言【い】ったでしょ。,Discipline,polite,no/don't,"<ruby class=""vocab"">ダメ<rt><span class=""pitch-l"">だ</span><span class=""pitch-h"">め</span></rt></ruby>",
ちゃんと聞いて。,Listen properly.,聞く,ちゃんと聞【き】いて。,Discipline,polite,listen,"<ruby class=""vocab"">聞く<rt><span class=""pitch-l"">き</span><span class=""pitch-h"">く</span></rt></ruby>",
喧嘩しないで。,Don't fight.,喧嘩,喧嘩【けんか】しないで。,Discipline,polite,fight,"<ruby class=""vocab"">喧嘩<rt><span class=""pitch-l"">け</span><span class=""pitch-h"">ん</span><span class=""pitch-h"">か</span></rt></ruby>",
順番を守って。,Wait your turn.,順番,順番【じゅんばん】を守【まも】って。,Discipline,polite,turn,"<ruby class=""vocab"">順番<rt><span class=""pitch-l"">じゅ</span><span class=""pitch-h"">ん</span><span class=""pitch-h"">ば</span><span class=""pitch-h"">ん</span></rt></ruby>",
片付けなさい。,Clean up.,片付ける,片付【かたづ】けなさい。,Discipline,polite,clean up,"<ruby class=""vocab"">片付ける<rt><span class=""pitch-l"">か</span><span class=""pitch-h"">た</span><span class=""pitch-h"">づ</span><span class=""pitch-h"">け</span><span class=""pitch-l"">る</span></rt></ruby>",
ごめんなさいは?,Say sorry.,ごめんなさい,ごめんなさいは?,Discipline,polite,sorry,"<span class=""vocab"">ごめんなさい</span>",
カートに入れる。,Add to cart.,カート,カートに入【い】れる。,Online-Shopping,polite,cart,"<ruby class=""vocab"">カート<rt><span class=""pitch-h"">か</span><span class=""pitch-l"">ー</span><span class=""pitch-l"">と</span></rt></ruby>",
注文を確定する。,Confirm order.,確定,注文【ちゅうもん】を確定【かくてい】する。,Online-Shopping,polite,confirm,"<ruby class=""vocab"">確定<rt><span class=""pitch-l"">か</span><span class=""pitch-h"">く</span><span class=""pitch-h"">て</span><span class=""pitch-h"">い</span></rt></ruby>",
送料はいくらですか?,How much is shipping?,送料,送料【そうりょう】はいくらですか?,Online-Shopping,polite,shipping,"<ruby class=""vocab"">送料<rt><span class=""pitch-h"">そ</span><span class=""pitch-l"">う</span><span class=""pitch-l"">りょ</span><span class=""pitch-l"">う</span></rt></ruby>",
届け先を変更したい。,I want to change the delivery address.,届け先,届【とど】け先【さき】を変更【へんこう】したい。,Online-Shopping,polite,delivery address,"<ruby class=""vocab"">届け先<rt><span class=""pitch-l"">と</span><span class=""pitch-h"">ど</span><span class=""pitch-h"">け</span><span class=""pitch-h"">さ</span><span class=""pitch-h"">き</span></rt></ruby>",
配達日を指定できますか?,Can I specify the delivery date?,配達日,配達【はいたつ】日【ひ】を指定【してい】できますか?,Online-Shopping,polite,delivery date,"<ruby class=""vocab"">配達日<rt>はいたつひ</rt></ruby>",
時間指定をお願いします。,Please specify a delivery time.,時間指定,時間【じかん】指定【してい】をお願【ねが】いします。,Online-Shopping,polite,time specification,"<ruby class=""vocab"">時間指定<rt>じかんしてい</rt></ruby>",
置き配でお願いします。,Please leave it at the door.,置き配,置【お】き配【はい】でお願【ねが】いします。,Online-Shopping,polite,doorstep delivery,"<ruby class=""vocab"">置き配<rt>おきはい</rt></ruby>",
再配達をお願いします。,Please redeliver.,再配達,再【さい】配達【はいたつ】をお願【ねが】いします。,Online-Shopping,polite,redelivery,"<ruby class=""vocab"">再配達<rt>さいはいたつ</rt></ruby>",
荷物が届かない。,The package hasn't arrived.,荷物,荷物【にもつ】が届【とど】かない。,Online-Shopping,polite,package,"<ruby class=""vocab"">荷物<rt><span class=""pitch-h"">に</span><span class=""pitch-l"">も</span><span class=""pitch-l"">つ</span></rt></ruby>",
追跡番号を教えてください。,Please tell me the tracking number.,追跡番号,追跡【ついせき】番号【ばんごう】を教【おし】えてください。,Online-Shopping,polite,tracking number,"<ruby class=""vocab"">追跡番号<rt>ついせきばんごう</rt></ruby>",
返品したいのですが。,I'd like to return this.,返品,返品【へんぴん】したいのですが。,Online-Shopping,polite,return,"<ruby class=""vocab"">返品<rt><span class=""pitch-l"">へ</span><span class=""pitch-h"">ん</span><span class=""pitch-h"">ぴ</span><span class=""pitch-h"">ん</span></rt></ruby>",
交換してもらえますか?,Can I exchange this?,交換,交換【こうかん】してもらえますか?,Online-Shopping,polite,replace,"<ruby class=""vocab"">交換<rt><span class=""pitch-l"">こ</span><span class=""pitch-h"">う</span><span class=""pitch-h"">か</span><span class=""pitch-h"">ん</span></rt></ruby>",
キャンセルしたいです。,I want to cancel.,キャンセル,キャンセルしたいです。,Online-Shopping,polite,cancel,"<ruby class=""vocab"">キャンセル<rt><span class=""pitch-h"">きゃ</span><span class=""pitch-l"">ん</span><span class=""pitch-l"">せ</span><span class=""pitch-l"">る</span></rt></ruby>",
返金されますか?,Will I get a refund?,返金,返金【へんきん】されますか?,Online-Shopping,polite,refund,"<ruby class=""vocab"">返金<rt><span class=""pitch-l"">へ</span><span class=""pitch-h"">ん</span><span class=""pitch-h"">き</span><span class=""pitch-h"">ん</span></rt></ruby>",
パスワードを忘れました。,I forgot my password.,パスワード,パスワードを忘【わす】れました。,Online-Shopping,polite,password,"<ruby class=""vocab"">パスワード<rt><span class=""pitch-l"">ぱ</span><span class=""pitch-h"">す</span><span class=""pitch-h"">わ</span><span class=""pitch-l"">ー</span><span class=""pitch-l"">ど</span></rt></ruby>",
会員登録をしたい。,I want to register.,会員登録,会員【かいいん】登録【とうろく】をしたい。,Online-Shopping,polite,registration,"<ruby class=""vocab"">会員登録<rt>かいいんとうろく</rt></ruby>",
美容院の予約を取った。,I made a hair salon appointment.,美容院,美容【びよう】院【いん】の予約【よやく】を取【と】った。,Self-Care,polite,hair salon,"<ruby class=""vocab"">美容院<rt>びよういん</rt></ruby>",
髪を切りたい。,I want to get a haircut.,髪,髪【かみ】を切【き】りたい。,Self-Care,polite,hair,"<ruby class=""vocab"">髪<rt><span class=""pitch-l"">か</span><span class=""pitch-h"">み</span></rt></ruby>",
カラーをお願いします。,I'd like to get my hair colored.,カラー,カラーをお願【ねが】いします。,Self-Care,polite,hair color,"<ruby class=""vocab"">カラー<rt><span class=""pitch-h"">か</span><span class=""pitch-l"">ら</span><span class=""pitch-l"">ー</span></rt></ruby>",
化粧品を買わなきゃ。,I need to buy cosmetics.,化粧品,化粧【けしょう】品【ひん】を買【か】わなきゃ。,Self-Care,polite,cosmetics,"<ruby class=""vocab"">化粧品<rt>けしょうひん</rt></ruby>",
マッサージに行きたい。,I want to go for a massage.,マッサージ,マッサージに行【い】きたい。,Self-Care,polite,massage,"<ruby class=""vocab"">マッサージ<rt><span class=""pitch-l"">ま</span><span class=""pitch-h"">っ</span><span class=""pitch-h"">さ</span><span class=""pitch-l"">ー</span><span class=""pitch-l"">じ</span></rt></ruby>",
ネイルをしてもらった。,I got my nails done.,ネイル,ネイルをしてもらった。,Self-Care,polite,nails,"<ruby class=""vocab"">ネイル<rt><span class=""pitch-l"">ね</span><span class=""pitch-h"">い</span><span class=""pitch-h"">る</span></rt></ruby>",
にんじんを3本ください。,Three carrots please.,にんじん,にんじんを3本【ぽん】ください。,Ingredients,polite,carrot,"<span class=""vocab""><span class=""pitch-l"">に</span><span class=""pitch-h"">ん</span><span class=""pitch-h"">じ</span><span class=""pitch-h"">ん</span></span>",
キャベツを半分に切ってもらえますか?,Can you cut the cabbage in half?,キャベツ,キャベツを半分【はんぶん】に切【き】ってもらえますか?,Ingredients,polite,cabbage,"<ruby class=""vocab"">キャベツ<rt><span class=""pitch-h"">きゃ</span><span class=""pitch-l"">べ</span><span class=""pitch-l"">つ</span></rt></ruby>",
豚肉の薄切りをお願いします。,Thinly sliced pork please.,豚肉,豚肉【ぶたにく】の薄切【うすぎ】りをお願【ねが】いします。,Ingredients,polite,pork,"<ruby class=""vocab"">豚肉<rt><span class=""pitch-l"">ぶ</span><span class=""pitch-h"">た</span><span class=""pitch-h"">に</span><span class=""pitch-h"">く</span></rt></ruby>",
鶏もも肉を2枚ください。,Two chicken thighs please.,鶏もも肉,鶏【とり】もも肉【ももにく】を2枚【まい】ください。,Ingredients,polite,chicken thigh,"<ruby class=""vocab"">鶏もも肉<rt>とりももももにく</rt></ruby>",
ひき肉は何グラム必要?,How many grams of ground meat do we need?,ひき肉,ひき肉【ひきにく】は何【なん】グラム必要【ひつよう】?,Ingredients,polite,ground meat,"<ruby class=""vocab"">ひき肉<rt><span class=""pitch-l"">ひ</span><span class=""pitch-h"">き</span><span class=""pitch-h"">に</span><span class=""pitch-h"">く</span></rt></ruby>",
今日は魚が新鮮だね。,The fish is fresh today.,魚,今日【きょう】は魚【さかな】が新鮮【しんせん】だね。,Ingredients,polite,fish,"<ruby class=""vocab"">魚<rt><span class=""pitch-l"">さ</span><span class=""pitch-h"">か</span><span class=""pitch-h"">な</span></rt></ruby>",
刺身用のサーモンはありますか?,Do you have salmon for sashimi?,刺身,刺身【さしみ】用【よう】のサーモンはありますか?,Ingredients,polite,sashimi,"<ruby class=""vocab"">刺身<rt><span class=""pitch-l"">さ</span><span class=""pitch-h"">し</span><span class=""pitch-h"">み</span></rt></ruby>",
卵を1パック買って。,Buy a pack of eggs.,卵,卵【たまご】を1パック買【か】って。,Ingredients,polite,eggs,"<ruby class=""vocab"">卵<rt><span class=""pitch-l"">た</span><span class=""pitch-h"">ま</span><span class=""pitch-h"">ご</span></rt></ruby>",
牛乳がもうすぐ切れる。,We're almost out of milk.,牛乳,牛乳【ぎゅうにゅう】がもうすぐ切【き】れる。,Ingredients,polite,milk,"<ruby class=""vocab"">牛乳<rt><span class=""pitch-l"">ぎゅ</span><span class=""pitch-h"">う</span><span class=""pitch-h"">にゅ</span><span class=""pitch-h"">う</span></rt></ruby>",
豆腐は絹ごしにする?,Should we get silken tofu?,豆腐,豆腐【とうふ】は絹【きぬ】ごしにする?,Ingredients,polite,tofu,"<ruby class=""vocab"">豆腐<rt><span class=""pitch-l"">と</span><span class=""pitch-h"">う</span><span class=""pitch-h"">ふ</span></rt></ruby>",
油揚げを買い忘れた。,I forgot to buy fried tofu.,油揚げ,油揚【あぶらあ】げを買【か】い忘【わす】れた。,Ingredients,polite,fried tofu,"<ruby class=""vocab"">油揚げ<rt><span class=""pitch-l"">あ</span><span class=""pitch-h"">ぶ</span><span class=""pitch-h"">ら</span><span class=""pitch-l"">あ</span><span class=""pitch-l"">げ</span></rt></ruby>",
しょうゆが足りない。,We don't have enough soy sauce.,しょうゆ,しょうゆが足【た】りない。,Ingredients,polite,soy sauce,"<span class=""vocab""><span class=""pitch-l"">しょ</span><span class=""pitch-h"">う</span><span class=""pitch-h"">ゆ</span></span>",
みりんを入れて。,Add mirin.,みりん,みりんを入【い】れて。,Ingredients,polite,mirin,"<span class=""vocab""><span class=""pitch-l"">み</span><span class=""pitch-h"">り</span><span class=""pitch-h"">ん</span></span>",
味噌はどれがいい?,Which miso is good?,味噌,味噌【みそ】はどれがいい?,Ingredients,polite,miso,"<ruby class=""vocab"">味噌<rt><span class=""pitch-h"">み</span><span class=""pitch-l"">そ</span></rt></ruby>",
だしの素を使おう。,Let's use instant dashi.,だしの素,だしの素【そ】を使【つか】おう。,Ingredients,polite,dashi stock,"<ruby class=""vocab"">だしの素<rt>そ</rt></ruby>",
ごま油の香りがいいね。,The sesame oil smells good.,ごま油,ごま油【ゆ】の香【かお】りがいいね。,Ingredients,polite,sesame oil,"<ruby class=""vocab"">ごま油<rt>ゆ</rt></ruby>",
お酢を少し入れて。,Add a little vinegar.,お酢,お酢【す】を少【すこ】し入【い】れて。,Ingredients,polite,vinegar,"<ruby class=""vocab"">お酢<rt>す</rt></ruby>",
砂糖は控えめにして。,Go easy on the sugar.,砂糖,砂糖【さとう】は控【ひか】えめにして。,Ingredients,polite,sugar,"<ruby class=""vocab"">砂糖<rt><span class=""pitch-l"">さ</span><span class=""pitch-h"">と</span><span class=""pitch-l"">う</span></rt></ruby>",
バターが冷蔵庫にある。,There's butter in the fridge.,バター,バターが冷蔵【れいぞう】庫【こ】にある。,Ingredients,polite,butter,"<ruby class=""vocab"">バター<rt><span class=""pitch-h"">ば</span><span class=""pitch-l"">た</span><span class=""pitch-l"">ー</span></rt></ruby>",
生姜をすりおろして。,Grate the ginger.,生姜,生姜【しょうが】をすりおろして。,Ingredients,polite,ginger,"<ruby class=""vocab"">生姜<rt><span class=""pitch-l"">しょ</span><span class=""pitch-h"">う</span><span class=""pitch-h"">が</span></rt></ruby>",
にんにくを刻んで。,Chop the garlic.,にんにく,にんにくを刻【きざ】んで。,Ingredients,polite,garlic,"<span class=""vocab""><span class=""pitch-l"">に</span><span class=""pitch-h"">ん</span><span class=""pitch-h"">に</span><span class=""pitch-h"">く</span></span>",
ネギを小口切りにして。,Cut the green onion into small pieces.,ネギ,ネギを小口【こぐち】切【ぎ】りにして。,Ingredients,polite,green onion,"<ruby class=""vocab"">ネギ<rt><span class=""pitch-h"">ね</span><span class=""pitch-l"">ぎ</span></rt></ruby>",
大根おろしを作って。,Make grated daikon.,大根おろし,大根【だいこん】おろしを作【つく】って。,Ingredients,polite,grated daikon,"<ruby class=""vocab"">大根おろし<rt>だいこんおろし</rt></ruby>",
きのこは何がある?,What mushrooms do we have?,きのこ,きのこは何【なに】がある?,Ingredients,polite,mushroom,"<span class=""vocab""><span class=""pitch-h"">き</span><span class=""pitch-l"">の</span><span class=""pitch-l"">こ</span></span>",
家計簿をつけています。,I keep a household budget.,家計簿,家計【かけい】簿【ぼ】をつけています。,Finances,polite,household budget,"<ruby class=""vocab"">家計簿<rt>かけいぼ</rt></ruby>",
今月は節約しなきゃ。,We need to save money this month.,節約,今月【こんげつ】は節約【せつやく】しなきゃ。,Finances,polite,save money,"<ruby class=""vocab"">節約<rt><span class=""pitch-l"">せ</span><span class=""pitch-h"">つ</span><span class=""pitch-h"">や</span><span class=""pitch-h"">く</span></rt></ruby>",
光熱費が高い。,The utility bills are high.,光熱費,光熱【こうねつ】費【ひ】が高【たか】い。,Finances,polite,utility bills,"<ruby class=""vocab"">光熱費<rt>こうねつひ</rt></ruby>",
電気代を節約しよう。,Let's save on electricity.,電気代,電気【でんき】代【だい】を節約【せつやく】しよう。,Finances,polite,electricity bill,"<ruby class=""vocab"">電気代<rt>でんきだい</rt></ruby>",
口座の残高を確認して。,Check the account balance.,口座,口座【こうざ】の残高【ざんだか】を確認【かくにん】して。,Finances,polite,account,"<ruby class=""vocab"">口座<rt><span class=""pitch-l"">こ</span><span class=""pitch-h"">う</span><span class=""pitch-h"">ざ</span></rt></ruby>",
クレジットカードの請求が来た。,The credit card bill arrived.,請求,クレジットカードの請求【せいきゅう】が来【き】た。,Finances,polite,bill,"<ruby class=""vocab"">請求<rt><span class=""pitch-l"">せ</span><span class=""pitch-h"">い</span><span class=""pitch-h"">きゅ</span><span class=""pitch-h"">う</span></rt></ruby>",
保険の更新がある。,The insurance renewal is coming up.,保険,保険【ほけん】の更新【こうしん】がある。,Finances,polite,insurance,"<ruby class=""vocab"">保険<rt><span class=""pitch-l"">ほ</span><span class=""pitch-h"">け</span><span class=""pitch-h"">ん</span></rt></ruby>",
税金の支払いを忘れないで。,Don't forget to pay the taxes.,税金,税金【ぜいきん】の支払【しはら】いを忘【わす】れないで。,Finances,polite,taxes,"<ruby class=""vocab"">税金<rt><span class=""pitch-l"">ぜ</span><span class=""pitch-h"">い</span><span class=""pitch-h"">き</span><span class=""pitch-h"">ん</span></rt></ruby>",
温めますか?,Would you like this heated?,温める,温【あたた】めますか?,Convenience,polite,heat,"<ruby class=""vocab"">温める<rt><span class=""pitch-l"">あ</span><span class=""pitch-h"">た</span><span class=""pitch-h"">た</span><span class=""pitch-h"">め</span><span class=""pitch-l"">る</span></rt></ruby>",
お箸をつけますか?,Would you like chopsticks?,お箸,お箸【はし】をつけますか?,Convenience,polite,chopsticks,"<ruby class=""vocab"">お箸<rt>はし</rt></ruby>",
袋は要りますか?,Do you need a bag?,袋,袋【ふくろ】は要【い】りますか?,Convenience,polite,bag,"<ruby class=""vocab"">袋<rt><span class=""pitch-l"">ふ</span><span class=""pitch-h"">く</span><span class=""pitch-h"">ろ</span></rt></ruby>",
ポイントカードはお持ちですか?,Do you have a point card?,ポイントカード,ポイントカードはお持【も】ちですか?,Convenience,polite,point card,"<span class=""vocab"">ポイントカード</span>",
お弁当を温めてください。,Please heat up the bento.,お弁当,お弁当【べんとう】を温【あたた】めてください。,Convenience,polite,lunch box,"<ruby class=""vocab"">お弁当<rt>べんとう</rt></ruby>",
肉まんを1つください。,One nikuman please.,肉まん,肉【にく】まんを1つください。,Convenience,polite,meat bun,"<ruby class=""vocab"">肉まん<rt><span class=""pitch-l"">に</span><span class=""pitch-h"">く</span><span class=""pitch-h"">ま</span><span class=""pitch-h"">ん</span></rt></ruby>",
おでんをください。,Oden please.,おでん,おでんをください。,Convenience,polite,oden,"<span class=""vocab"">おでん</span>",
おにぎりを2つください。,Two rice balls please.,おにぎり,おにぎりを2つください。,Convenience,polite,rice ball,"<span class=""vocab"">おにぎり</span>",
からあげクンをください。,Karaage-kun please.,からあげクン,からあげクンをください。,Convenience,polite,karaage-kun,"<span class=""vocab"">からあげクン</span>",
ATMはどこですか?,Where is the ATM?,ATM,ATMはどこですか?,Convenience,polite,ATM,"<span class=""vocab""><span class=""pitch-l"">A</span><span class=""pitch-h"">T</span><span class=""pitch-h"">M</span></span>",
コピー機を使いたいのですが。,I'd like to use the copy machine.,コピー機,コピー機【き】を使【つか】いたいのですが。,Convenience,polite,copy machine,"<ruby class=""vocab"">コピー機<rt>き</rt></ruby>",
荷物を送りたいのですが。,I'd like to send a package.,荷物,荷物【にもつ】を送【おく】りたいのですが。,Convenience,polite,package,"<ruby class=""vocab"">荷物<rt><span class=""pitch-h"">に</span><span class=""pitch-l"">も</span><span class=""pitch-l"">つ</span></rt></ruby>",
チケットを発券したいです。,I'd like to pick up my tickets.,発券,チケットを発券【はっけん】したいです。,Convenience,polite,ticket pickup,"<ruby class=""vocab"">発券<rt><span class=""pitch-l"">は</span><span class=""pitch-h"">っ</span><span class=""pitch-h"">け</span><span class=""pitch-h"">ん</span></rt></ruby>",
公共料金を払いたいです。,I'd like to pay my utility bills.,公共料金,公共【こうきょう】料金【りょうきん】を払【はら】いたいです。,Convenience,polite,utility bills,"<ruby class=""vocab"">公共料金<rt>こうきょうりょうきん</rt></ruby>",
映画を見に行こう。,Let's go see a movie.,映画,映画【えいが】を見【み】に行【い】こう。,Cinema,polite,movie,"<ruby class=""vocab"">映画<rt><span class=""pitch-l"">え</span><span class=""pitch-h"">い</span><span class=""pitch-h"">が</span></rt></ruby>",
上映時間は何時ですか?,What time does it start?,上映時間,上映【じょうえい】時間【じかん】は何時【いつ】ですか?,Cinema,polite,showtime,"<ruby class=""vocab"">上映時間<rt>じょうえいじかん</rt></ruby>",
チケットを2枚ください。,Two tickets please.,チケット,チケットを2枚【まい】ください。,Cinema,polite,ticket,"<ruby class=""vocab"">チケット<rt><span class=""pitch-h"">ち</span><span class=""pitch-l"">け</span><span class=""pitch-l"">っ</span><span class=""pitch-l"">と</span></rt></ruby>",
席は選べますか?,Can I choose my seats?,席,席【せき】は選【えら】べますか?,Cinema,polite,seat,"<ruby class=""vocab"">席<rt><span class=""pitch-h"">せ</span><span class=""pitch-l"">き</span></rt></ruby>",
ポップコーンを買おう。,Let's buy popcorn.,ポップコーン,ポップコーンを買【か】おう。,Cinema,polite,popcorn,"<ruby class=""vocab"">ポップコーン<rt><span class=""pitch-l"">ぽ</span><span class=""pitch-h"">っ</span><span class=""pitch-h"">ぷ</span><span class=""pitch-h"">こ</span><span class=""pitch-l"">ー</span><span class=""pitch-l"">ん</span></rt></ruby>",
字幕版と吹き替え版どっち?,Subtitled or dubbed?,吹き替え版,字幕【じまく】版【ばん】と吹【ふ】き替【か】え版【ばん】どっち?,Cinema,polite,dubbed,"<ruby class=""vocab"">吹き替え版<rt>ふきかえばん</rt></ruby>",
今日は肉じゃがを作ろう。,Let's make nikujaga today.,肉じゃが,今日【きょう】は肉【にく】じゃがを作【つく】ろう。,Japanese-Cuisine,polite,nikujaga,"<ruby class=""vocab"">肉じゃが<rt><span class=""pitch-l"">に</span><span class=""pitch-h"">く</span><span class=""pitch-h"">じゃ</span><span class=""pitch-h"">が</span></rt></ruby>",
味噌汁の具は何にする?,What should we put in the miso soup?,具,味噌【みそ】汁【しる】の具【ぐ】は何【なに】にする?,Japanese-Cuisine,polite,ingredients,"<ruby class=""vocab"">具<rt><span class=""pitch-l"">ぐ</span></rt></ruby>",
おひたしを作ります。,I'll make ohitashi.,おひたし,おひたしを作【つく】ります。,Japanese-Cuisine,polite,ohitashi,"<span class=""vocab"">おひたし</span>",
切り干し大根を戻して。,Rehydrate the dried daikon.,切り干し大根,切【き】り干【ぼ】し大根【だいこん】を戻【もど】して。,Japanese-Cuisine,polite,dried daikon,"<ruby class=""vocab"">切り干し大根<rt>きりぼしだいこん</rt></ruby>",
ぬか漬けを取り出して。,Take out the pickles from the rice bran.,ぬか漬け,ぬか漬【ぬかづ】けを取【と】り出【だ】して。,Japanese-Cuisine,polite,rice bran pickles,"<ruby class=""vocab"">ぬか漬け<rt><span class=""pitch-l"">ぬ</span><span class=""pitch-h"">か</span><span class=""pitch-h"">ぬ</span><span class=""pitch-h"">か</span><span class=""pitch-h"">づ</span><span class=""pitch-h"">け</span></rt></ruby>",
炊き込みご飯にしよう。,Let's make mixed rice.,炊き込みご飯,炊【た】き込【こ】みご飯【ごはん】にしよう。,Japanese-Cuisine,polite,mixed rice,"<ruby class=""vocab"">炊き込みご飯<rt>たきこみごごはん</rt></ruby>",
天ぷらの衣を作って。,Make the tempura batter.,衣,天【てん】ぷらの衣【ころも】を作【つく】って。,Japanese-Cuisine,polite,batter,"<ruby class=""vocab"">衣<rt><span class=""pitch-l"">こ</span><span class=""pitch-h"">ろ</span><span class=""pitch-h"">も</span></rt></ruby>",
照り焼きのタレを作る。,I'll make teriyaki sauce.,タレ,照【て】り焼【や】きのタレを作【つく】る。,Japanese-Cuisine,polite,sauce,"<ruby class=""vocab"">タレ<rt><span class=""pitch-l"">た</span><span class=""pitch-h"">れ</span></rt></ruby>",
とんかつを揚げます。,I'll fry the tonkatsu.,とんかつ,とんかつを揚【あ】げます。,Japanese-Cuisine,polite,tonkatsu,"<span class=""vocab"">とんかつ</span>",
親子丼が食べたい。,I want to eat oyakodon.,親子丼,親子【おやこ】丼【どん】が食【た】べたい。,Japanese-Cuisine,polite,oyakodon,"<ruby class=""vocab"">親子丼<rt>おやこどん</rt></ruby>",
そばを茹でましょう。,Let's boil the soba.,そば,そばを茹【ゆ】でましょう。,Japanese-Cuisine,polite,soba,"<span class=""vocab""><span class=""pitch-h"">そ</span><span class=""pitch-l"">ば</span></span>",
うどんのだしを作って。,Make the udon broth.,だし,うどんのだしを作【つく】って。,Japanese-Cuisine,polite,broth,"<span class=""vocab"">だし</span>",
お茶漬けにしようか。,Shall we have ochazuke?,お茶漬け,お茶漬【ちゃづ】けにしようか。,Japanese-Cuisine,polite,ochazuke,"<ruby class=""vocab"">お茶漬け<rt>おちゃづけ</rt></ruby>",
おにぎりを握ります。,I'll make rice balls.,おにぎり,おにぎりを握【にぎ】ります。,Japanese-Cuisine,polite,rice ball,"<span class=""vocab"">おにぎり</span>",
巻き寿司を作ろう。,Let's make sushi rolls.,巻き寿司,巻【ま】き寿司【ずし】を作【つく】ろう。,Japanese-Cuisine,polite,sushi rolls,"<ruby class=""vocab"">巻き寿司<rt><span class=""pitch-l"">ま</span><span class=""pitch-h"">き</span><span class=""pitch-l"">ず</span><span class=""pitch-l"">し</span></rt></ruby>",
自転車で行く。,I'll go by bicycle.,自転車,自転【じてん】車【しゃ】で行【い】く。,Transportation,polite,bicycle,"<ruby class=""vocab"">自転車<rt>じてんしゃ</rt></ruby>",
バスに乗り遅れた。,I missed the bus.,バス,バスに乗【の】り遅【おく】れた。,Transportation,polite,bus,"<ruby class=""vocab"">バス<rt><span class=""pitch-h"">ば</span><span class=""pitch-l"">す</span></rt></ruby>",
駐車場はどこですか?,Where is the parking lot?,駐車場,駐車【ちゅうしゃ】場【じょう】はどこですか?,Transportation,polite,parking lot,"<ruby class=""vocab"">駐車場<rt>ちゅうしゃじょう</rt></ruby>",
駐輪場に止めてきた。,I parked at the bicycle parking.,駐輪場,駐輪【ちゅうりん】場【じょう】に止【と】めてきた。,Transportation,polite,bicycle parking,"<ruby class=""vocab"">駐輪場<rt>ちゅうりんじょう</rt></ruby>",
次のバスは何時ですか?,What time is the next bus?,バス,次【つぎ】のバスは何時【いつ】ですか?,Transportation,polite,bus,"<ruby class=""vocab"">バス<rt><span class=""pitch-h"">ば</span><span class=""pitch-l"">す</span></rt></ruby>",
電車が遅れている。,The train is delayed.,電車,電車【でんしゃ】が遅【おく】れている。,Transportation,polite,train,"<ruby class=""vocab"">電車<rt><span class=""pitch-l"">で</span><span class=""pitch-h"">ん</span><span class=""pitch-h"">しゃ</span></rt></ruby>",
切符を買ってくる。,I'll buy a ticket.,切符,切符【きっぷ】を買【か】ってくる。,Transportation,polite,ticket,"<ruby class=""vocab"">切符<rt><span class=""pitch-l"">き</span><span class=""pitch-h"">っ</span><span class=""pitch-h"">ぷ</span></rt></ruby>",
ICカードをチャージして。,Charge the IC card.,ICカード,ICカードをチャージして。,Transportation,polite,IC card,"<span class=""vocab"">ICカード</span>",
郵便局に行ってくる。,I'll go to the post office.,郵便局,郵便【ゆうびん】局【きょく】に行【い】ってくる。,Errands,polite,post office,"<ruby class=""vocab"">郵便局<rt>ゆうびんきょく</rt></ruby>",
この手紙を出してきて。,Please mail this letter.,手紙,この手紙【てがみ】を出【だ】してきて。,Errands,polite,letter,"<ruby class=""vocab"">手紙<rt><span class=""pitch-l"">て</span><span class=""pitch-h"">が</span><span class=""pitch-h"">み</span></rt></ruby>",
荷物を送りたいのですが。,I'd like to send a package.,荷物,荷物【にもつ】を送【おく】りたいのですが。,Errands,polite,package,"<ruby class=""vocab"">荷物<rt><span class=""pitch-h"">に</span><span class=""pitch-l"">も</span><span class=""pitch-l"">つ</span></rt></ruby>",
書留でお願いします。,Registered mail please.,書留,書留【かきとめ】でお願【ねが】いします。,Errands,polite,registered mail,"<ruby class=""vocab"">書留<rt><span class=""pitch-l"">か</span><span class=""pitch-h"">き</span><span class=""pitch-h"">と</span><span class=""pitch-h"">め</span></rt></ruby>",
銀行で振り込みをした。,I made a bank transfer.,銀行,銀行【ぎんこう】で振【ふ】り込【こ】みをした。,Errands,polite,bank,"<ruby class=""vocab"">銀行<rt><span class=""pitch-l"">ぎ</span><span class=""pitch-h"">ん</span><span class=""pitch-h"">こ</span><span class=""pitch-h"">う</span></rt></ruby>",
届け出を出しに行く。,I'll go submit the notification.,届け出,届【とど】け出【で】を出【だ】しに行【い】く。,Errands,polite,notification,"<ruby class=""vocab"">届け出<rt><span class=""pitch-l"">と</span><span class=""pitch-h"">ど</span><span class=""pitch-h"">け</span><span class=""pitch-h"">で</span></rt></ruby>",
手続きに必要な書類は何ですか?,What documents do I need for the procedure?,書類,手続【てつづ】きに必要【ひつよう】な書類【しょるい】は何【なん】ですか?,Errands,polite,documents,"<ruby class=""vocab"">書類<rt><span class=""pitch-l"">しょ</span><span class=""pitch-h"">る</span><span class=""pitch-h"">い</span></rt></ruby>",
ATMでお金を下ろしてくる。,I'll withdraw money from the ATM.,お金,ATMでお金【かね】を下【お】ろしてくる。,Errands,polite,money,"<ruby class=""vocab"">お金<rt>かね</rt></ruby>",
カフェでお茶しよう。,Let's have tea at a cafe.,カフェ,カフェでお茶【ちゃ】しよう。,Cafe,polite,cafe,"<ruby class=""vocab"">カフェ<rt><span class=""pitch-h"">か</span><span class=""pitch-l"">ふぇ</span></rt></ruby>",
コーヒーをください。,Coffee please.,コーヒー,コーヒーをください。,Cafe,polite,coffee,"<ruby class=""vocab"">コーヒー<rt><span class=""pitch-l"">こ</span><span class=""pitch-h"">ー</span><span class=""pitch-h"">ひ</span><span class=""pitch-l"">ー</span></rt></ruby>",
ケーキセットをお願いします。,Cake set please.,ケーキセット,ケーキセットをお願【ねが】いします。,Cafe,polite,cake set,"<span class=""vocab"">ケーキセット</span>",
テイクアウトできますか?,Can I get this to go?,テイクアウト,テイクアウトできますか?,Cafe,polite,takeout,"<ruby class=""vocab"">テイクアウト<rt><span class=""pitch-l"">て</span><span class=""pitch-h"">い</span><span class=""pitch-h"">く</span><span class=""pitch-h"">あ</span><span class=""pitch-l"">う</span><span class=""pitch-l"">と</span></rt></ruby>",
ここで食べます。,I'll eat here.,ここで食べる,ここで食【た】べます。,Cafe,polite,eat here,"<ruby class=""vocab"">ここで食べる<rt>ここでたべる</rt></ruby>",
Wi-Fiはありますか?,Do you have Wi-Fi?,Wi-Fi,Wi-Fiはありますか?,Cafe,polite,Wi-Fi,"<span class=""vocab"">Wi-Fi</span>",
いつもお世話になっております。,Thank you for your continued support.,お世話になる,いつもお世話【せわ】になっております。,Polite,polite,care/support,"<ruby class=""vocab"">お世話になる<rt>おせわになる</rt></ruby>",
お忙しいところ申し訳ありません。,I'm sorry to bother you when you're busy.,申し訳ありません,お忙【いそが】しいところ申【もう】し訳【わけ】ありません。,Polite,polite,sorry,"<ruby class=""vocab"">申し訳ありません<rt>もうしわけありません</rt></ruby>",
ご迷惑をおかけして申し訳ありません。,I'm sorry for the inconvenience.,迷惑,ご迷惑【めいわく】をおかけして申【もう】し訳【わけ】ありません。,Polite,polite,inconvenience,"<ruby class=""vocab"">迷惑<rt><span class=""pitch-h"">め</span><span class=""pitch-l"">い</span><span class=""pitch-l"">わ</span><span class=""pitch-l"">く</span></rt></ruby>",
お手数をおかけします。,I apologize for the trouble.,手数,お手数【てすう】をおかけします。,Polite,polite,trouble,"<ruby class=""vocab"">手数<rt><span class=""pitch-l"">て</span><span class=""pitch-h"">す</span><span class=""pitch-l"">う</span></rt></ruby>",
よろしくお願いいたします。,Thank you in advance.,よろしくお願いします,よろしくお願【ねが】いいたします。,Polite,polite,please/thank you,"<ruby class=""vocab"">よろしくお願いします<rt>よろしくおねがいします</rt></ruby>",
ありがとうございました。,Thank you very much.,ありがとう,ありがとうございました。,Polite,polite,thank you,"<span class=""vocab""><span class=""pitch-l"">あ</span><span class=""pitch-h"">り</span><span class=""pitch-l"">が</span><span class=""pitch-l"">と</span><span class=""pitch-l"">う</span></span>",
失礼いたします。,Excuse me.,失礼,失礼【しつれい】いたします。,Polite,polite,excuse me,"<ruby class=""vocab"">失礼<rt><span class=""pitch-l"">し</span><span class=""pitch-h"">つ</span><span class=""pitch-l"">れ</span><span class=""pitch-l"">い</span></rt></ruby>",
少々お待ちください。,Please wait a moment.,少々,少々【しょうしょう】お待【ま】ちください。,Polite,polite,a moment,"<ruby class=""vocab"">少々<rt><span class=""pitch-h"">しょ</span><span class=""pitch-l"">う</span><span class=""pitch-l"">しょ</span><span class=""pitch-l"">う</span></rt></ruby>",
かしこまりました。,Understood.,かしこまりました,かしこまりました。,Polite,polite,understood,"<span class=""vocab"">かしこまりました</span>",
恐れ入りますが。,I'm sorry to trouble you but.,恐れ入ります,恐【おそ】れ入【い】りますが。,Polite,polite,excuse me,"<ruby class=""vocab"">恐れ入ります<rt>おそれいります</rt></ruby>",
お先に失礼します。,Excuse me for leaving first.,お先に失礼,お先【さき】に失礼【しつれい】します。,Polite,polite,leaving first,"<ruby class=""vocab"">お先に失礼<rt>おさきにしつれい</rt></ruby>",
ご無沙汰しております。,It's been a long time.,ご無沙汰,ご無【む】沙汰【さた】しております。,Polite,polite,long time no see,"<ruby class=""vocab"">ご無沙汰<rt>ごむさた</rt></ruby>",
お変わりありませんか?,How have you been?,お変わり,お変【か】わりありませんか?,Polite,polite,how are you,"<ruby class=""vocab"">お変わり<rt>おかわり</rt></ruby>",
お大事になさってください。,Please take care of yourself.,お大事に,お大事【だいじ】になさってください。,Polite,polite,take care,"<ruby class=""vocab"">お大事に<rt>おだいじに</rt></ruby>",
110番に電話して!,Call 110!,110番,110番【ばん】に電話【でんわ】して!,Emergency,polite,110 emergency,"<ruby class=""vocab"">110番<rt>ばん</rt></ruby>",
事故がありました。,There was an accident.,事故,事故【じこ】がありました。,Emergency,polite,accident,"<ruby class=""vocab"">事故<rt><span class=""pitch-h"">じ</span><span class=""pitch-l"">こ</span></rt></ruby>",
住所は〇〇です。,The address is...,住所,住所【じゅうしょ】は〇〇です。,Emergency,polite,address,"<ruby class=""vocab"">住所<rt><span class=""pitch-h"">じゅ</span><span class=""pitch-l"">う</span><span class=""pitch-l"">しょ</span></rt></ruby>",
助けてください!,Help!,助けて,助【たす】けてください!,Emergency,polite,help,"<ruby class=""vocab"">助けて<rt>たすけて</rt></ruby>",
警察を呼んでください。,Please call the police.,警察,警察【けいさつ】を呼【よ】んでください。,Emergency,polite,police,"<ruby class=""vocab"">警察<rt><span class=""pitch-l"">け</span><span class=""pitch-h"">い</span><span class=""pitch-h"">さ</span><span class=""pitch-h"">つ</span></rt></ruby>",
119番に電話して!,Call 119!,119番,119番【ばん】に電話【でんわ】して!,Emergency,polite,119 emergency,"<ruby class=""vocab"">119番<rt>ばん</rt></ruby>",
救急車をお願いします。,I need an ambulance.,救急車,救急【きゅうきゅう】車【しゃ】をお願【ねが】いします。,Emergency,polite,ambulance,"<ruby class=""vocab"">救急車<rt>きゅうきゅうしゃ</rt></ruby>",
火事です!,Fire!,火事,火事【かじ】です!,Emergency,polite,fire,"<ruby class=""vocab"">火事<rt><span class=""pitch-h"">か</span><span class=""pitch-l"">じ</span></rt></ruby>",
電気代が高すぎる。,The electricity bill is too high.,電気代,電気【でんき】代【だい】が高【たか】すぎる。,Utilities,polite,electricity bill,"<ruby class=""vocab"">電気代<rt>でんきだい</rt></ruby>",
ガスの契約を変更したい。,I want to change the gas contract.,契約,ガスの契約【けいやく】を変更【へんこう】したい。,Utilities,polite,contract,"<ruby class=""vocab"">契約<rt><span class=""pitch-l"">け</span><span class=""pitch-h"">い</span><span class=""pitch-h"">や</span><span class=""pitch-h"">く</span></rt></ruby>",
水道の検針日はいつですか?,When is the water meter reading day?,検針日,水道【すいどう】の検針【けんしん】日【ひ】はいつですか?,Utilities,polite,meter reading day,"<ruby class=""vocab"">検針日<rt>けんしんひ</rt></ruby>",
インターネットが繋がらない。,The internet isn't connecting.,インターネット,インターネットが繋【つな】がらない。,Utilities,polite,internet,"<ruby class=""vocab"">インターネット<rt><span class=""pitch-l"">い</span><span class=""pitch-h"">ん</span><span class=""pitch-h"">た</span><span class=""pitch-h"">ー</span><span class=""pitch-h"">ね</span><span class=""pitch-l"">っ</span><span class=""pitch-l"">と</span></rt></ruby>",
契約を解約したいのですが。,I'd like to cancel my contract.,解約,契約【けいやく】を解約【かいやく】したいのですが。,Utilities,polite,cancellation,"<ruby class=""vocab"">解約<rt><span class=""pitch-l"">か</span><span class=""pitch-h"">い</span><span class=""pitch-h"">や</span><span class=""pitch-h"">く</span></rt></ruby>",
料金プランを変えたい。,I want to change my rate plan.,料金プラン,料金【りょうきん】プランを変【か】えたい。,Utilities,polite,rate plan,"<ruby class=""vocab"">料金プラン<rt>りょうきんプラン</rt></ruby>",
引っ越しの手続きをしたい。,I want to do the moving procedures.,引っ越し,引【ひ】っ越【こ】しの手続【てつづ】きをしたい。,Utilities,polite,moving,"<ruby class=""vocab"">引っ越し<rt><span class=""pitch-l"">ひ</span><span class=""pitch-h"">っ</span><span class=""pitch-h"">こ</span><span class=""pitch-l"">し</span></rt></ruby>",
趣味は何ですか?,What are your hobbies?,趣味,趣味【しゅみ】は何【なん】ですか?,Hobbies,polite,hobby,"<ruby class=""vocab"">趣味<rt><span class=""pitch-h"">しゅ</span><span class=""pitch-l"">み</span></rt></ruby>",
手芸を始めました。,I started doing handicrafts.,手芸,手芸【しゅげい】を始【はじ】めました。,Hobbies,polite,handicrafts,"<ruby class=""vocab"">手芸<rt><span class=""pitch-l"">しゅ</span><span class=""pitch-h"">げ</span><span class=""pitch-h"">い</span></rt></ruby>",
ガーデニングが好きです。,I like gardening.,ガーデニング,ガーデニングが好【す】きです。,Hobbies,polite,gardening,"<ruby class=""vocab"">ガーデニング<rt><span class=""pitch-l"">が</span><span class=""pitch-h"">ー</span><span class=""pitch-h"">で</span><span class=""pitch-h"">に</span><span class=""pitch-h"">ん</span><span class=""pitch-h"">ぐ</span></rt></ruby>",
読書が趣味です。,Reading is my hobby.,読書,読書【どくしょ】が趣味【しゅみ】です。,Hobbies,polite,reading,"<ruby class=""vocab"">読書<rt><span class=""pitch-h"">ど</span><span class=""pitch-l"">く</span><span class=""pitch-l"">しょ</span></rt></ruby>",
料理教室に通っています。,I'm taking cooking classes.,料理教室,料理【りょうり】教室【きょうしつ】に通【かよ】っています。,Hobbies,polite,cooking class,"<ruby class=""vocab"">料理教室<rt>りょうりきょうしつ</rt></ruby>",
ピラティスを始めたい。,I want to start pilates.,ピラティス,ピラティスを始【はじ】めたい。,Hobbies,polite,pilates,"<ruby class=""vocab"">ピラティス<rt><span class=""pitch-h"">ぴ</span><span class=""pitch-l"">ら</span><span class=""pitch-l"">てぃ</span><span class=""pitch-l"">す</span></rt></ruby>",
今週の献立を考えよう。,Let's plan this week's menu.,献立,今週【こんしゅう】の献立【こんだて】を考【かんが】えよう。,Meal-Planning,polite,menu,"<ruby class=""vocab"">献立<rt><span class=""pitch-l"">こ</span><span class=""pitch-h"">ん</span><span class=""pitch-h"">だ</span><span class=""pitch-h"">て</span></rt></ruby>",
作り置きを週末に作る。,I'll make batch dishes on the weekend.,作り置き,作【つく】り置【お】きを週末【しゅうまつ】に作【つく】る。,Meal-Planning,polite,meal prep,"<ruby class=""vocab"">作り置き<rt><span class=""pitch-l"">つ</span><span class=""pitch-h"">く</span><span class=""pitch-h"">り</span><span class=""pitch-h"">お</span><span class=""pitch-h"">き</span></rt></ruby>",
お弁当の中身は何にする?,What should I put in the lunch box?,中身,お弁当【べんとう】の中身【なかみ】は何【なに】にする?,Meal-Planning,polite,contents,"<ruby class=""vocab"">中身<rt><span class=""pitch-l"">な</span><span class=""pitch-h"">か</span><span class=""pitch-l"">み</span></rt></ruby>",
冷凍できるおかずを作ろう。,Let's make side dishes we can freeze.,おかず,冷凍【れいとう】できるおかずを作【つく】ろう。,Meal-Planning,polite,side dishes,"<span class=""vocab""><span class=""pitch-l"">お</span><span class=""pitch-h"">か</span><span class=""pitch-h"">ず</span></span>",
栄養バランスを考えて。,Think about nutritional balance.,栄養バランス,栄養【えいよう】バランスを考【かんが】えて。,Meal-Planning,polite,nutritional balance,"<ruby class=""vocab"">栄養バランス<rt>えいようバランス</rt></ruby>",
野菜が足りないかも。,We might not have enough vegetables.,野菜,野菜【やさい】が足【た】りないかも。,Meal-Planning,polite,vegetables,"<ruby class=""vocab"">野菜<rt><span class=""pitch-l"">や</span><span class=""pitch-h"">さ</span><span class=""pitch-h"">い</span></rt></ruby>",
魚を週2回は食べたい。,I want to eat fish twice a week.,魚,魚【さかな】を週【しゅう】2回【かい】は食【た】べたい。,Meal-Planning,polite,fish,"<ruby class=""vocab"">魚<rt><span class=""pitch-l"">さ</span><span class=""pitch-h"">か</span><span class=""pitch-h"">な</span></rt></ruby>",
子供が好きなメニューにしよう。,Let's make a menu the kids like.,メニュー,子供【こども】が好【す】きなメニューにしよう。,Meal-Planning,polite,menu,"<ruby class=""vocab"">メニュー<rt><span class=""pitch-h"">め</span><span class=""pitch-l"">にゅ</span><span class=""pitch-l"">ー</span></rt></ruby>",
交番はどこですか?,Where is the police box?,交番,交番【こうばん】はどこですか?,Police,polite,police box,"<ruby class=""vocab"">交番<rt><span class=""pitch-l"">こ</span><span class=""pitch-h"">う</span><span class=""pitch-h"">ば</span><span class=""pitch-h"">ん</span></rt></ruby>",
届け出をしたいのですが。,I'd like to file a report.,届け出,届【とど】け出【で】をしたいのですが。,Police,polite,report,"<ruby class=""vocab"">届け出<rt><span class=""pitch-l"">と</span><span class=""pitch-h"">ど</span><span class=""pitch-h"">け</span><span class=""pitch-h"">で</span></rt></ruby>",
財布を盗まれました。,My wallet was stolen.,財布,財布【さいふ】を盗【ぬす】まれました。,Police,polite,wallet,"<ruby class=""vocab"">財布<rt><span class=""pitch-l"">さ</span><span class=""pitch-h"">い</span><span class=""pitch-h"">ふ</span></rt></ruby>",
被害届を出したいです。,I want to file a damage report.,被害届,被害【ひがい】届【とどけ】を出【だ】したいです。,Police,polite,damage report,"<ruby class=""vocab"">被害届<rt>ひがいとどけ</rt></ruby>",
事故を目撃しました。,I witnessed an accident.,目撃,事故【じこ】を目撃【もくげき】しました。,Police,polite,witness,"<ruby class=""vocab"">目撃<rt><span class=""pitch-l"">も</span><span class=""pitch-h"">く</span><span class=""pitch-h"">げ</span><span class=""pitch-h"">き</span></rt></ruby>",
パスポートをなくしました。,I lost my passport.,パスポート,パスポートをなくしました。,Police,polite,passport,"<ruby class=""vocab"">パスポート<rt><span class=""pitch-l"">ぱ</span><span class=""pitch-h"">す</span><span class=""pitch-h"">ぽ</span><span class=""pitch-l"">ー</span><span class=""pitch-l"">と</span></rt></ruby>",
不審者を見ました。,I saw a suspicious person.,不審者,不審【ふしん】者【しゃ】を見【み】ました。,Police,polite,suspicious person,"<ruby class=""vocab"">不審者<rt>ふしんしゃ</rt></ruby>",
ひったくりに遭いました。,I was mugged.,ひったくり,ひったくりに遭【あ】いました。,Police,polite,mugging,"<span class=""vocab""><span class=""pitch-l"">ひ</span><span class=""pitch-h"">っ</span><span class=""pitch-h"">た</span><span class=""pitch-h"">く</span><span class=""pitch-l"">り</span></span>",
賃貸物件を探しています。,I'm looking for a rental property.,賃貸物件,賃貸【ちんたい】物件【ぶっけん】を探【さが】しています。,Housing,polite,rental property,"<ruby class=""vocab"">賃貸物件<rt>ちんたいぶっけん</rt></ruby>",
不動産屋に行ってくる。,I'll go to the real estate agent.,不動産屋,不【ふ】動産【どうさん】屋【や】に行【い】ってくる。,Housing,polite,real estate agent,"<ruby class=""vocab"">不動産屋<rt>ふどうさんや</rt></ruby>",
家賃はいくらですか?,How much is the rent?,不動産屋,家賃【やちん】はいくらですか?,Housing,polite,real estate agent,"<span class=""vocab"">不動産屋</span>",
敷金と礼金は必要ですか?,Are deposit and key money required?,敷金と礼金,敷金【しききん】と礼金【れいきん】は必要【ひつよう】ですか?,Housing,polite,deposit and key money,"<ruby class=""vocab"">敷金と礼金<rt>しききんとれいきん</rt></ruby>",
大家さんに連絡しなきゃ。,I need to contact the landlord.,大家,大家【おおや】さんに連絡【れんらく】しなきゃ。,Housing,polite,landlord,"<ruby class=""vocab"">大家<rt><span class=""pitch-h"">お</span><span class=""pitch-l"">お</span><span class=""pitch-l"">や</span></rt></ruby>",
管理組合の会議がある。,There's a condo association meeting.,管理組合,管理【かんり】組合【くみあい】の会議【かいぎ】がある。,Housing,polite,condo association,"<ruby class=""vocab"">管理組合<rt>かんりくみあい</rt></ruby>",
引っ越しの準備をしなきゃ。,I need to prepare for the move.,引っ越し,引【ひ】っ越【こ】しの準備【じゅんび】をしなきゃ。,Housing,polite,moving,"<ruby class=""vocab"">引っ越し<rt><span class=""pitch-l"">ひ</span><span class=""pitch-h"">っ</span><span class=""pitch-h"">こ</span><span class=""pitch-l"">し</span></rt></ruby>",
犬の散歩に行ってくる。,I'll take the dog for a walk.,散歩,犬【いぬ】の散歩【さんぽ】に行【い】ってくる。,Pets,polite,walk,"<ruby class=""vocab"">散歩<rt><span class=""pitch-l"">さ</span><span class=""pitch-h"">ん</span><span class=""pitch-h"">ぽ</span></rt></ruby>",
猫のご飯をあげて。,Feed the cat.,猫,猫【ねこ】のご飯【ごはん】をあげて。,Pets,polite,cat,"<ruby class=""vocab"">猫<rt><span class=""pitch-h"">ね</span><span class=""pitch-l"">こ</span></rt></ruby>",
動物病院に連れて行く。,I'll take them to the vet.,動物病院,動物【どうぶつ】病院【びょういん】に連【つ】れて行【い】く。,Pets,polite,vet,"<ruby class=""vocab"">動物病院<rt>どうぶつびょういん</rt></ruby>",
ペットフードを買わなきゃ。,I need to buy pet food.,ペットフード,ペットフードを買【か】わなきゃ。,Pets,polite,pet food,"<span class=""vocab"">ペットフード</span>",
予防接種の時期だ。,It's time for vaccinations.,予防接種,予防【よぼう】接種【せっしゅ】の時期【じき】だ。,Pets,polite,vaccination,"<ruby class=""vocab"">予防接種<rt>よぼうせっしゅ</rt></ruby>",
塾は何曜日?,What day is cram school?,塾,塾【じゅく】は何曜日【なんようび】?,Activities,polite,cram school,"<ruby class=""vocab"">塾<rt><span class=""pitch-h"">じゅ</span><span class=""pitch-l"">く</span></rt></ruby>",
習い事を増やしたいの?,Do you want more lessons?,習い事,習【なら】い事【ごと】を増【ふ】やしたいの?,Activities,polite,lessons,"<ruby class=""vocab"">習い事<rt><span class=""pitch-l"">な</span><span class=""pitch-h"">ら</span><span class=""pitch-h"">い</span><span class=""pitch-h"">ご</span><span class=""pitch-h"">と</span></rt></ruby>",
ピアノの練習をしなさい。,Practice the piano.,ピアノ,ピアノの練習【れんしゅう】をしなさい。,Activities,polite,piano,"<ruby class=""vocab"">ピアノ<rt><span class=""pitch-l"">ぴ</span><span class=""pitch-h"">あ</span><span class=""pitch-h"">の</span></rt></ruby>",
サッカーの練習に送って行く。,I'll drive you to soccer practice.,サッカー,サッカーの練習【れんしゅう】に送【おく】って行【い】く。,Activities,polite,soccer,"<ruby class=""vocab"">サッカー<rt><span class=""pitch-h"">さ</span><span class=""pitch-l"">っ</span><span class=""pitch-l"">か</span><span class=""pitch-l"">ー</span></rt></ruby>",
水泳教室は何時まで?,Until what time is swimming class?,水泳教室,水泳【すいえい】教室【きょうしつ】は何【なん】時【じ】まで?,Activities,polite,swimming class,"<ruby class=""vocab"">水泳教室<rt>すいえいきょうしつ</rt></ruby>",
部活で遅くなる。,I'll be late because of club activities.,部活,部活【ぶかつ】で遅【おそ】くなる。,Activities,polite,club activities,"<ruby class=""vocab"">部活<rt><span class=""pitch-l"">ぶ</span><span class=""pitch-h"">か</span><span class=""pitch-h"">つ</span></rt></ruby>",
試合を見に行くね。,I'll come watch your game.,試合,試合【しあい】を見【み】に行【い】くね。,Activities,polite,game/match,"<ruby class=""vocab"">試合<rt><span class=""pitch-l"">し</span><span class=""pitch-h"">あ</span><span class=""pitch-h"">い</span></rt></ruby>",
発表会の衣装を準備して。,Prepare the costume for the recital.,衣装,発表【はっぴょう】会【かい】の衣装【いしょう】を準備【じゅんび】して。,Activities,polite,costume,"<ruby class=""vocab"">衣装<rt><span class=""pitch-h"">い</span><span class=""pitch-l"">しょ</span><span class=""pitch-l"">う</span></rt></ruby>",
薬局はどこですか?,Where is the pharmacy?,薬局,薬局【やっきょく】はどこですか?,Pharmacy,polite,pharmacy,"<ruby class=""vocab"">薬局<rt><span class=""pitch-l"">や</span><span class=""pitch-h"">っ</span><span class=""pitch-h"">きょ</span><span class=""pitch-h"">く</span></rt></ruby>",
この処方箋をお願いします。,I'd like to fill this prescription.,処方箋,この処方【しょほう】箋【せん】をお願【ねが】いします。,Pharmacy,polite,prescription,"<ruby class=""vocab"">処方箋<rt>しょほうせん</rt></ruby>",
市販の風邪薬をください。,I'd like over-the-counter cold medicine.,風邪薬,市販【しはん】の風邪薬【かぜぐすり】をください。,Pharmacy,polite,cold medicine,"<ruby class=""vocab"">風邪薬<rt><span class=""pitch-l"">か</span><span class=""pitch-h"">ぜ</span><span class=""pitch-h"">ぐ</span><span class=""pitch-l"">す</span><span class=""pitch-l"">り</span></rt></ruby>",
頭痛薬はありますか?,Do you have headache medicine?,頭痛薬,頭痛【ずつう】薬【やく】はありますか?,Pharmacy,polite,headache medicine,"<ruby class=""vocab"">頭痛薬<rt>ずつうやく</rt></ruby>",
胃薬をください。,Stomach medicine please.,胃薬,胃薬【いぐすり】をください。,Pharmacy,polite,stomach medicine,"<ruby class=""vocab"">胃薬<rt><span class=""pitch-l"">い</span><span class=""pitch-h"">ぐ</span><span class=""pitch-l"">す</span><span class=""pitch-l"">り</span></rt></ruby>",
この薬に副作用はありますか?,Does this medicine have side effects?,副作用,この薬【くすり】に副【ふく】作用【さよう】はありますか?,Pharmacy,polite,side effects,"<ruby class=""vocab"">副作用<rt>ふくさよう</rt></ruby>",
1日に何回飲みますか?,How many times a day do I take it?,1日何回,1日【ついたち】に何【なん】回【かい】飲【の】みますか?,Pharmacy,polite,times per day,"<ruby class=""vocab"">1日何回<rt>1ついたちなんかい</rt></ruby>",
食前ですか?食後ですか?,Before or after meals?,食前食後,食前【しょくぜん】ですか?食後【しょくご】ですか?,Pharmacy,polite,before/after meals,"<ruby class=""vocab"">食前食後<rt>しょくぜんしょくご</rt></ruby>",
エアコンが壊れた。,The air conditioner broke.,エアコン,エアコンが壊【こわ】れた。,Repairs,polite,air conditioner,"<ruby class=""vocab"">エアコン<rt><span class=""pitch-l"">え</span><span class=""pitch-h"">あ</span><span class=""pitch-h"">こ</span><span class=""pitch-h"">ん</span></rt></ruby>",
修理を頼まなきゃ。,I need to call for repairs.,修理,修理【しゅうり】を頼【たの】まなきゃ。,Repairs,polite,repair,"<ruby class=""vocab"">修理<rt><span class=""pitch-h"">しゅ</span><span class=""pitch-l"">う</span><span class=""pitch-l"">り</span></rt></ruby>",
業者さんに来てもらう。,I'll have a technician come.,業者,業者【ぎょうしゃ】さんに来【き】てもらう。,Repairs,polite,technician,"<ruby class=""vocab"">業者<rt><span class=""pitch-h"">ぎょ</span><span class=""pitch-l"">う</span><span class=""pitch-l"">しゃ</span></rt></ruby>",
見積もりをお願いします。,Please give me an estimate.,見積もり,見積【みつ】もりをお願【ねが】いします。,Repairs,polite,estimate,"<ruby class=""vocab"">見積もり<rt><span class=""pitch-l"">み</span><span class=""pitch-h"">つ</span><span class=""pitch-h"">も</span><span class=""pitch-h"">り</span></rt></ruby>",
水漏れがしている。,There's a water leak.,水漏れ,水漏【みずも】れがしている。,Repairs,polite,water leak,"<ruby class=""vocab"">水漏れ<rt><span class=""pitch-l"">み</span><span class=""pitch-h"">ず</span><span class=""pitch-h"">も</span><span class=""pitch-h"">れ</span></rt></ruby>",
ガス点検の人が来ます。,The gas inspector is coming.,ガス点検,ガス点検【てんけん】の人【ひと】が来【き】ます。,Repairs,polite,gas inspection,"<ruby class=""vocab"">ガス点検<rt>てんけん</rt></ruby>",
今日のドラマ見た?,Did you watch today's drama?,ドラマ,今日【きょう】のドラマ見【み】た?,Tv,polite,drama,"<ruby class=""vocab"">ドラマ<rt><span class=""pitch-h"">ど</span><span class=""pitch-l"">ら</span><span class=""pitch-l"">ま</span></rt></ruby>",
この番組を録画して。,Record this program.,番組,この番組【ばんぐみ】を録画【ろくが】して。,Tv,polite,program,"<ruby class=""vocab"">番組<rt><span class=""pitch-l"">ば</span><span class=""pitch-h"">ん</span><span class=""pitch-h"">ぐ</span><span class=""pitch-h"">み</span></rt></ruby>",
ニュースを見よう。,Let's watch the news.,ニュース,ニュースを見【み】よう。,Tv,polite,news,"<ruby class=""vocab"">ニュース<rt><span class=""pitch-h"">にゅ</span><span class=""pitch-l"">ー</span><span class=""pitch-l"">す</span></rt></ruby>",
チャンネルを変えて。,Change the channel.,チャンネル,チャンネルを変【か】えて。,Tv,polite,channel,"<ruby class=""vocab"">チャンネル<rt><span class=""pitch-l"">ちゃ</span><span class=""pitch-h"">ん</span><span class=""pitch-h"">ね</span><span class=""pitch-h"">る</span></rt></ruby>",
町内会の集まりがある。,There's a neighborhood association meeting.,町内会,町内【ちょうない】会【かい】の集【あつ】まりがある。,Neighborhood,polite,neighborhood association,"<ruby class=""vocab"">町内会<rt>ちょうないかい</rt></ruby>",
回覧板を回してください。,Please pass on the circular notice.,回覧板,回覧【かいらん】板【ばん】を回【まわ】してください。,Neighborhood,polite,circular notice,"<ruby class=""vocab"">回覧板<rt>かいらんばん</rt></ruby>",
今週はゴミ当番です。,It's our turn for trash duty this week.,ゴミ当番,今週【こんしゅう】はゴミ当番【とうばん】です。,Neighborhood,polite,trash duty,"<ruby class=""vocab"">ゴミ当番<rt>とうばん</rt></ruby>",
お隣に挨拶してきた。,I went to greet the neighbors.,挨拶,お隣【となり】に挨拶【あいさつ】してきた。,Neighborhood,polite,greeting,"<ruby class=""vocab"">挨拶<rt><span class=""pitch-h"">あ</span><span class=""pitch-l"">い</span><span class=""pitch-l"">さ</span><span class=""pitch-l"">つ</span></rt></ruby>",
引っ越してきたばかりです。,We just moved here.,引っ越し,引【ひ】っ越【こ】してきたばかりです。,Neighborhood,polite,moving,"<ruby class=""vocab"">引っ越し<rt><span class=""pitch-l"">ひ</span><span class=""pitch-h"">っ</span><span class=""pitch-h"">こ</span><span class=""pitch-l"">し</span></rt></ruby>",
この辺りは静かですね。,This area is quiet isn't it.,静か,この辺【あた】りは静【しず】かですね。,Neighborhood,polite,quiet,"<ruby class=""vocab"">静か<rt><span class=""pitch-h"">し</span><span class=""pitch-l"">ず</span><span class=""pitch-l"">か</span></rt></ruby>",
自治会費を集めに来ました。,I came to collect the residents' association fee.,自治会費,自治【じち】会費【かいひ】を集【あつ】めに来【き】ました。,Neighborhood,polite,association fee,"<ruby class=""vocab"">自治会費<rt>じちかいひ</rt></ruby>",
防災訓練に参加します。,I'll participate in the disaster drill.,防災訓練,防災【ぼうさい】訓練【くんれん】に参加【さんか】します。,Neighborhood,polite,disaster drill,"<ruby class=""vocab"">防災訓練<rt>ぼうさいくんれん</rt></ruby>",
避難所はどこですか?,Where is the evacuation shelter?,避難所,避難【ひなん】所【しょ】はどこですか?,Evacuation,polite,evacuation shelter,"<ruby class=""vocab"">避難所<rt>ひなんしょ</rt></ruby>",
防災グッズを準備しよう。,Let's prepare emergency supplies.,防災グッズ,防災【ぼうさい】グッズを準備【じゅんび】しよう。,Evacuation,polite,emergency supplies,"<ruby class=""vocab"">防災グッズ<rt>ぼうさいグッズ</rt></ruby>",
非常食を買っておこう。,Let's buy emergency food.,非常食,非【ひ】常食【じょうしょく】を買【か】っておこう。,Evacuation,polite,emergency food,"<ruby class=""vocab"">非常食<rt>ひじょうしょく</rt></ruby>",
懐中電灯はどこ?,Where is the flashlight?,懐中電灯,懐中【かいちゅう】電灯【でんとう】はどこ?,Evacuation,polite,flashlight,"<ruby class=""vocab"">懐中電灯<rt>かいちゅうでんとう</rt></ruby>",
水を備蓄しておこう。,Let's stock up on water.,備蓄,水【みず】を備蓄【びちく】しておこう。,Evacuation,polite,stockpile,"<ruby class=""vocab"">備蓄<rt><span class=""pitch-l"">び</span><span class=""pitch-h"">ち</span><span class=""pitch-h"">く</span></rt></ruby>",
避難経路を確認して。,Check the evacuation route.,避難経路,避難【ひなん】経路【けいろ】を確認【かくにん】して。,Evacuation,polite,evacuation route,"<ruby class=""vocab"">避難経路<rt>ひなんけいろ</rt></ruby>",
携帯の充電をしておいて。,Charge your phone.,充電,携帯【けいたい】の充電【じゅうでん】をしておいて。,Evacuation,polite,charge,"<ruby class=""vocab"">充電<rt><span class=""pitch-l"">じゅ</span><span class=""pitch-h"">う</span><span class=""pitch-h"">で</span><span class=""pitch-h"">ん</span></rt></ruby>",
衣替えをしなきゃ。,I need to switch out the seasonal clothes.,衣替え,衣替【ころもが】えをしなきゃ。,Seasonal-Tasks,polite,seasonal wardrobe,"<ruby class=""vocab"">衣替え<rt><span class=""pitch-l"">こ</span><span class=""pitch-h"">ろ</span><span class=""pitch-h"">も</span><span class=""pitch-h"">が</span><span class=""pitch-h"">え</span></rt></ruby>",
大掃除を始めよう。,Let's start the big cleaning.,大掃除,大【だい】掃除【そうじ】を始【はじ】めよう。,Seasonal-Tasks,polite,big cleaning,"<ruby class=""vocab"">大掃除<rt>だいそうじ</rt></ruby>",
模様替えをしたい。,I want to rearrange the room.,模様替え,模様【もよう】替【が】えをしたい。,Seasonal-Tasks,polite,rearranging,"<ruby class=""vocab"">模様替え<rt>もようがえ</rt></ruby>",
冬物を出してきて。,Get out the winter clothes.,冬物,冬物【ふゆもの】を出【だ】してきて。,Seasonal-Tasks,polite,winter clothes,"<ruby class=""vocab"">冬物<rt><span class=""pitch-l"">ふ</span><span class=""pitch-h"">ゆ</span><span class=""pitch-h"">も</span><span class=""pitch-h"">の</span></rt></ruby>",
夏物をしまおう。,Let's put away the summer things.,夏物,夏物【なつもの】をしまおう。,Seasonal-Tasks,polite,summer clothes,"<ruby class=""vocab"">夏物<rt><span class=""pitch-l"">な</span><span class=""pitch-h"">つ</span><span class=""pitch-h"">も</span><span class=""pitch-h"">の</span></rt></ruby>",
庭の手入れをしなきゃ。,I need to tend to the garden.,手入れ,庭【にわ】の手入【てい】れをしなきゃ。,Seasonal-Tasks,polite,maintenance,"<ruby class=""vocab"">手入れ<rt><span class=""pitch-h"">て</span><span class=""pitch-l"">い</span><span class=""pitch-l"">れ</span></rt></ruby>",
散髪に連れて行く。,I'll take them for a haircut.,散髪,散髪【さんぱつ】に連【つ】れて行【い】く。,Hair-Salon,polite,haircut,"<ruby class=""vocab"">散髪<rt><span class=""pitch-l"">さ</span><span class=""pitch-h"">ん</span><span class=""pitch-h"">ぱ</span><span class=""pitch-h"">つ</span></rt></ruby>",
短めにしてください。,Please cut it short.,短め,短【みじか】めにしてください。,Hair-Salon,polite,short,"<ruby class=""vocab"">短め<rt><span class=""pitch-l"">み</span><span class=""pitch-h"">じ</span><span class=""pitch-h"">か</span><span class=""pitch-h"">め</span></rt></ruby>",
子供料金はありますか?,Is there a children's rate?,子供料金,子供【こども】料金【りょうきん】はありますか?,Hair-Salon,polite,children's rate,"<ruby class=""vocab"">子供料金<rt>こどもりょうきん</rt></ruby>",
前髪だけ切ってください。,Just trim the bangs please.,前髪,前髪【まえがみ】だけ切【き】ってください。,Hair-Salon,polite,bangs,"<ruby class=""vocab"">前髪<rt><span class=""pitch-l"">ま</span><span class=""pitch-h"">え</span><span class=""pitch-h"">が</span><span class=""pitch-h"">み</span></rt></ruby>",
お中元を贈ります。,I'll send a mid-year gift.,お中元,お中元【ちゅうげん】を贈【おく】ります。,Gifts,polite,mid-year gift,"<ruby class=""vocab"">お中元<rt>ちゅうげん</rt></ruby>",
お歳暮は何にしよう?,What should we send for year-end gifts?,お歳暮,お歳暮【せいぼ】は何【なに】にしよう?,Gifts,polite,year-end gift,"<ruby class=""vocab"">お歳暮<rt>せいぼ</rt></ruby>",
内祝いを準備しなきゃ。,I need to prepare a thank-you gift.,内祝い,内祝【うちいわ】いを準備【じゅんび】しなきゃ。,Gifts,polite,thank-you gift,"<ruby class=""vocab"">内祝い<rt><span class=""pitch-l"">う</span><span class=""pitch-h"">ち</span><span class=""pitch-h"">い</span><span class=""pitch-l"">わ</span><span class=""pitch-l"">い</span></rt></ruby>",
香典を用意しなきゃ。,I need to prepare condolence money.,香典,香典【こうでん】を用意【ようい】しなきゃ。,Gifts,polite,condolence money,"<ruby class=""vocab"">香典<rt><span class=""pitch-l"">こ</span><span class=""pitch-h"">う</span><span class=""pitch-h"">で</span><span class=""pitch-h"">ん</span></rt></ruby>",
お祝いを贈りたいのですが。,I'd like to send a congratulatory gift.,お祝い,お祝【いわ】いを贈【おく】りたいのですが。,Gifts,polite,celebration,"<ruby class=""vocab"">お祝い<rt>おいわい</rt></ruby>",
熨斗をつけてください。,Please attach a noshi.,熨斗,熨斗【のし】をつけてください。,Gifts,polite,noshi,"<ruby class=""vocab"">熨斗<rt><span class=""pitch-l"">の</span><span class=""pitch-h"">し</span></rt></ruby>",
包装をお願いします。,Please wrap it.,包装,包装【ほうそう】をお願【ねが】いします。,Gifts,polite,wrapping,"<ruby class=""vocab"">包装<rt><span class=""pitch-l"">ほ</span><span class=""pitch-h"">う</span><span class=""pitch-h"">そ</span><span class=""pitch-h"">う</span></rt></ruby>",
お返しは何がいいかな?,What should I give in return?,お返し,お返【がえ】しは何【なに】がいいかな?,Gifts,polite,return gift,"<ruby class=""vocab"">お返し<rt>おがえし</rt></ruby>",
もしもし。,Hello (on phone).,もしもし,もしもし。,Phone,polite,hello (phone),"<span class=""vocab""><span class=""pitch-h"">も</span><span class=""pitch-l"">し</span><span class=""pitch-l"">も</span><span class=""pitch-l"">し</span></span>",
〇〇ですが。,This is...,〇〇ですが,〇〇ですが。,Phone,polite,this is (name),"<span class=""vocab"">〇〇ですが</span>",
少々お待ちください。,Please wait a moment.,少々,少々【しょうしょう】お待【ま】ちください。,Phone,polite,a moment,"<ruby class=""vocab"">少々<rt><span class=""pitch-h"">しょ</span><span class=""pitch-l"">う</span><span class=""pitch-l"">しょ</span><span class=""pitch-l"">う</span></rt></ruby>",
伝言をお願いできますか?,Can I leave a message?,伝言,伝言【でんごん】をお願【ねが】いできますか?,Phone,polite,message,"<ruby class=""vocab"">伝言<rt><span class=""pitch-l"">で</span><span class=""pitch-h"">ん</span><span class=""pitch-h"">ご</span><span class=""pitch-h"">ん</span></rt></ruby>",
折り返しお電話いただけますか?,Could you call me back?,折り返し,折【お】り返【かえ】しお電話【でんわ】いただけますか?,Phone,polite,callback,"<ruby class=""vocab"">折り返し<rt><span class=""pitch-l"">お</span><span class=""pitch-h"">り</span><span class=""pitch-h"">か</span><span class=""pitch-l"">え</span><span class=""pitch-l"">し</span></rt></ruby>",
留守番電話にメッセージを残しました。,I left a message on the answering machine.,メッセージ,留守【るす】番【ばん】電話【でんわ】にメッセージを残【のこ】しました。,Phone,polite,message,"<ruby class=""vocab"">メッセージ<rt><span class=""pitch-h"">め</span><span class=""pitch-l"">っ</span><span class=""pitch-l"">せ</span><span class=""pitch-l"">ー</span><span class=""pitch-l"">じ</span></rt></ruby>",
電話が切れた。,The call dropped.,切れる,電話【でんわ】が切【き】れた。,Phone,polite,disconnect,"<ruby class=""vocab"">切れる<rt><span class=""pitch-l"">き</span><span class=""pitch-h"">れ</span><span class=""pitch-l"">る</span></rt></ruby>",
ガソリンを満タンにしてください。,Fill it up please.,ガソリン,ガソリンを満タン【まんたん】にしてください。,Car,polite,gasoline,"<ruby class=""vocab"">ガソリン<rt><span class=""pitch-l"">が</span><span class=""pitch-h"">そ</span><span class=""pitch-h"">り</span><span class=""pitch-h"">ん</span></rt></ruby>",
車検の時期です。,It's time for vehicle inspection.,車検,車検【しゃけん】の時期【じき】です。,Car,polite,vehicle inspection,"<ruby class=""vocab"">車検<rt><span class=""pitch-l"">しゃ</span><span class=""pitch-h"">け</span><span class=""pitch-h"">ん</span></rt></ruby>",
駐車場を探しています。,I'm looking for parking.,駐車場,駐車【ちゅうしゃ】場【じょう】を探【さが】しています。,Car,polite,parking,"<ruby class=""vocab"">駐車場<rt>ちゅうしゃじょう</rt></ruby>",
運転免許の更新に行く。,I'm going to renew my driver's license.,運転免許,運転【うんてん】免許【めんきょ】の更新【こうしん】に行【い】く。,Car,polite,driver's license,"<ruby class=""vocab"">運転免許<rt>うんてんめんきょ</rt></ruby>",
タイヤを交換しなきゃ。,I need to change the tires.,タイヤ,タイヤを交換【こうかん】しなきゃ。,Car,polite,tires,"<ruby class=""vocab"">タイヤ<rt><span class=""pitch-l"">た</span><span class=""pitch-h"">い</span><span class=""pitch-h"">や</span></rt></ruby>",
オイル交換をお願いします。,Oil change please.,オイル交換,オイル交換【こうかん】をお願【ねが】いします。,Car,polite,oil change,"<ruby class=""vocab"">オイル交換<rt>こうかん</rt></ruby>",
今日は晴れです。,It's sunny today.,晴れ,今日【きょう】は晴【は】れです。,Weather,polite,sunny,"<ruby class=""vocab"">晴れ<rt><span class=""pitch-l"">は</span><span class=""pitch-h"">れ</span></rt></ruby>",
明日は雨らしい。,It seems like rain tomorrow.,雨,明日【あす】は雨【あめ】らしい。,Weather,polite,rain,"<ruby class=""vocab"">雨<rt><span class=""pitch-h"">あ</span><span class=""pitch-l"">め</span></rt></ruby>",
台風が近づいている。,A typhoon is approaching.,台風,台風【たいふう】が近【ちか】づいている。,Weather,polite,typhoon,"<ruby class=""vocab"">台風<rt><span class=""pitch-l"">た</span><span class=""pitch-h"">い</span><span class=""pitch-h"">ふ</span><span class=""pitch-l"">う</span></rt></ruby>",
梅雨入りしたね。,The rainy season has started.,梅雨入り,梅雨入【つゆい】りしたね。,Weather,polite,rainy season start,"<ruby class=""vocab"">梅雨入り<rt><span class=""pitch-l"">つ</span><span class=""pitch-h"">ゆ</span><span class=""pitch-h"">い</span><span class=""pitch-h"">り</span></rt></ruby>",
猛暑日が続いている。,The extreme heat continues.,猛暑日,猛暑【もうしょ】日【じつ】が続【つづ】いている。,Weather,polite,extreme heat day,"<ruby class=""vocab"">猛暑日<rt>もうしょじつ</rt></ruby>",
花粉症がひどい。,My hay fever is bad.,花粉症,花粉【かふん】症【しょう】がひどい。,Weather,polite,hay fever,"<ruby class=""vocab"">花粉症<rt>かふんしょう</rt></ruby>",
天気予報を見て。,Check the weather forecast.,天気予報,天気【てんき】予報【よほう】を見【み】て。,Weather,polite,weather forecast,"<ruby class=""vocab"">天気予報<rt>てんきよほう</rt></ruby>",
傘を持って行ってね。,Take an umbrella.,傘,傘【かさ】を持【も】って行【い】ってね。,Weather,polite,umbrella,"<ruby class=""vocab"">傘<rt><span class=""pitch-h"">か</span><span class=""pitch-l"">さ</span></rt></ruby>",
火事だ!逃げて!,Fire! Run!,逃げる,火事【かじ】だ!逃【に】げて!,Fire,polite,run/escape,"<ruby class=""vocab"">逃げる<rt><span class=""pitch-l"">に</span><span class=""pitch-h"">げ</span><span class=""pitch-l"">る</span></rt></ruby>",
消火器はどこですか?,Where is the fire extinguisher?,消火器,消火【しょうか】器【き】はどこですか?,Fire,polite,fire extinguisher,"<ruby class=""vocab"">消火器<rt>しょうかき</rt></ruby>",
煙が出ている!,There's smoke!,煙,煙【けむり】が出【で】ている!,Fire,polite,smoke,"<ruby class=""vocab"">煙<rt><span class=""pitch-l"">け</span><span class=""pitch-h"">む</span><span class=""pitch-h"">り</span></rt></ruby>",
非常口はどこですか?,Where is the emergency exit?,非常口,非常【ひじょう】口【くち】はどこですか?,Fire,polite,emergency exit,"<ruby class=""vocab"">非常口<rt>ひじょうくち</rt></ruby>",
避難してください。,Please evacuate.,避難,避難【ひなん】してください。,Fire,polite,evacuate,"<ruby class=""vocab"">避難<rt><span class=""pitch-h"">ひ</span><span class=""pitch-l"">な</span><span class=""pitch-l"">ん</span></rt></ruby>",
火を消して!,Put out the fire!,火を消す,火【ひ】を消【け】して!,Fire,polite,put out fire,"<ruby class=""vocab"">火を消す<rt>ひをけす</rt></ruby>",
クリーニングに出してくる。,I'll take this to the dry cleaner.,クリーニング,クリーニングに出【だ】してくる。,Dry-Cleaning,polite,dry cleaning,"<ruby class=""vocab"">クリーニング<rt><span class=""pitch-l"">く</span><span class=""pitch-h"">り</span><span class=""pitch-h"">ー</span><span class=""pitch-h"">に</span><span class=""pitch-l"">ん</span><span class=""pitch-l"">ぐ</span></rt></ruby>",
シミ抜きをお願いします。,Please remove the stain.,シミ抜き,シミ抜【ぬ】きをお願【ねが】いします。,Dry-Cleaning,polite,stain removal,"<ruby class=""vocab"">シミ抜き<rt><span class=""pitch-l"">シ</span><span class=""pitch-h"">ミ</span><span class=""pitch-h"">ぬ</span><span class=""pitch-h"">き</span></rt></ruby>",
仕上がりはいつですか?,When will it be ready?,仕上がり,仕上【しあ】がりはいつですか?,Dry-Cleaning,polite,completion,"<ruby class=""vocab"">仕上がり<rt><span class=""pitch-l"">し</span><span class=""pitch-h"">あ</span><span class=""pitch-h"">が</span><span class=""pitch-h"">り</span></rt></ruby>",
受け取りに来ました。,I came to pick it up.,受け取り,受【う】け取【と】りに来【き】ました。,Dry-Cleaning,polite,pickup,"<ruby class=""vocab"">受け取り<rt><span class=""pitch-l"">う</span><span class=""pitch-h"">け</span><span class=""pitch-h"">と</span><span class=""pitch-h"">り</span></rt></ruby>",
今日は何曜日?,What day is it today?,何曜日,今日【きょう】は何曜日【なんようび】?,Time,polite,what day,"<ruby class=""vocab"">何曜日<rt>なんようび</rt></ruby>",
来週の火曜日はどう?,How about next Tuesday?,火曜日,来週【らいしゅう】の火曜【かよう】日【ひ】はどう?,Time,polite,Tuesday,"<ruby class=""vocab"">火曜日<rt>かようひ</rt></ruby>",
再来週に予定がある。,I have plans the week after next.,再来週,再来【さらい】週【しゅう】に予定【よてい】がある。,Time,polite,week after next,"<ruby class=""vocab"">再来週<rt>さらいしゅう</rt></ruby>",
先日はありがとうございました。,Thank you for the other day.,先日,先日【せんじつ】はありがとうございました。,Time,polite,the other day,"<ruby class=""vocab"">先日<rt><span class=""pitch-l"">せ</span><span class=""pitch-h"">ん</span><span class=""pitch-h"">じ</span><span class=""pitch-h"">つ</span></rt></ruby>",
月末までに終わらせて。,Finish it by the end of the month.,月末,月末【げつまつ】までに終【お】わらせて。,Time,polite,end of month,"<ruby class=""vocab"">月末<rt><span class=""pitch-l"">げ</span><span class=""pitch-h"">つ</span><span class=""pitch-h"">ま</span><span class=""pitch-h"">つ</span></rt></ruby>",
来月の予定を確認しよう。,Let's check next month's schedule.,予定,来月【らいげつ】の予定【よてい】を確認【かくにん】しよう。,Time,polite,schedule,"<ruby class=""vocab"">予定<rt><span class=""pitch-l"">よ</span><span class=""pitch-h"">て</span><span class=""pitch-h"">い</span></rt></ruby>",
朝の9時に集合です。,We meet at 9 AM.,集合,朝【あさ】の9時【じ】に集合【しゅうごう】です。,Time,polite,gather/meet,"<ruby class=""vocab"">集合<rt><span class=""pitch-l"">しゅ</span><span class=""pitch-h"">う</span><span class=""pitch-h"">ご</span><span class=""pitch-h"">う</span></rt></ruby>",
夕方6時に帰ります。,I'll be back at 6 PM.,夕方,夕方【ゆうがた】6時【じ】に帰【かえ】ります。,Time,polite,evening,"<ruby class=""vocab"">夕方<rt><span class=""pitch-l"">ゆ</span><span class=""pitch-h"">う</span><span class=""pitch-h"">が</span><span class=""pitch-h"">た</span></rt></ruby>",
意識がありません。,They're unconscious.,意識,意識【いしき】がありません。,Ambulance,polite,consciousness,"<ruby class=""vocab"">意識<rt><span class=""pitch-h"">い</span><span class=""pitch-l"">し</span><span class=""pitch-l"">き</span></rt></ruby>",
呼吸をしていません。,They're not breathing.,呼吸,呼吸【こきゅう】をしていません。,Ambulance,polite,breathing,"<ruby class=""vocab"">呼吸<rt><span class=""pitch-l"">こ</span><span class=""pitch-h"">きゅ</span><span class=""pitch-h"">う</span></rt></ruby>",
出血がひどいです。,There's severe bleeding.,出血,出血【しゅっけつ】がひどいです。,Ambulance,polite,bleeding,"<ruby class=""vocab"">出血<rt><span class=""pitch-l"">しゅ</span><span class=""pitch-h"">っ</span><span class=""pitch-h"">け</span><span class=""pitch-h"">つ</span></rt></ruby>",
心臓マッサージをしています。,I'm doing chest compressions.,心臓マッサージ,心臓【しんぞう】マッサージをしています。,Ambulance,polite,chest compressions,"<ruby class=""vocab"">心臓マッサージ<rt>しんぞうマッサージ</rt></ruby>",
AEDはどこですか?,Where is the AED?,AED,AEDはどこですか?,Ambulance,polite,AED,"<span class=""vocab""><span class=""pitch-l"">A</span><span class=""pitch-h"">E</span><span class=""pitch-h"">D</span></span>",
応急処置をしてください。,Please give first aid.,応急処置,応急【おうきゅう】処置【しょち】をしてください。,Ambulance,polite,first aid,"<ruby class=""vocab"">応急処置<rt>おうきゅうしょち</rt></ruby>",
百均で買い物しよう。,Let's shop at the 100 yen store.,百均,百均【ひゃっきん】で買【か】い物【もの】しよう。,Hundred-Yen,polite,100 yen store,"<ruby class=""vocab"">百均<rt><span class=""pitch-l"">ひゃ</span><span class=""pitch-h"">っ</span><span class=""pitch-h"">き</span><span class=""pitch-h"">ん</span></rt></ruby>",
ホームセンターに行く。,I'm going to the home center.,ホームセンター,ホームセンターに行【い】く。,Hundred-Yen,polite,home center,"<span class=""vocab"">ホームセンター</span>",
収納グッズを探している。,I'm looking for storage items.,収納グッズ,収納【しゅうのう】グッズを探【さが】している。,Hundred-Yen,polite,storage items,"<ruby class=""vocab"">収納グッズ<rt>しゅうのうグッズ</rt></ruby>",
DIYの材料を買いたい。,I want to buy DIY materials.,材料,DIYの材料【ざいりょう】を買【か】いたい。,Hundred-Yen,polite,materials,"<ruby class=""vocab"">材料<rt><span class=""pitch-l"">ざ</span><span class=""pitch-h"">い</span><span class=""pitch-h"">りょ</span><span class=""pitch-l"">う</span></rt></ruby>",
歯医者の予約を取った。,I made a dentist appointment.,歯医者,歯【は】医者【いしゃ】の予約【よやく】を取【と】った。,Dentist,polite,dentist,"<ruby class=""vocab"">歯医者<rt>はいしゃ</rt></ruby>",
虫歯があるみたい。,I think I have a cavity.,虫歯,虫歯【むしば】があるみたい。,Dentist,polite,cavity,"<ruby class=""vocab"">虫歯<rt><span class=""pitch-l"">む</span><span class=""pitch-h"">し</span><span class=""pitch-h"">ば</span></rt></ruby>",
歯が痛い。,My tooth hurts.,歯,歯【は】が痛【いた】い。,Dentist,polite,tooth,"<ruby class=""vocab"">歯<rt><span class=""pitch-h"">は</span></rt></ruby>",
歯磨きをちゃんとしてね。,Brush your teeth properly.,歯磨き,歯磨【はみが】きをちゃんとしてね。,Dentist,polite,brushing teeth,"<ruby class=""vocab"">歯磨き<rt><span class=""pitch-l"">は</span><span class=""pitch-h"">み</span><span class=""pitch-l"">が</span><span class=""pitch-l"">き</span></rt></ruby>",
定期検診に行かなきゃ。,I need to go for a regular checkup.,定期検診,定期【ていき】検診【けんしん】に行【い】かなきゃ。,Dentist,polite,regular checkup,"<ruby class=""vocab"">定期検診<rt>ていきけんしん</rt></ruby>",
クリーニングをお願いします。,Cleaning please.,クリーニング,クリーニングをお願【ねが】いします。,Dentist,polite,dental cleaning,"<ruby class=""vocab"">クリーニング<rt><span class=""pitch-l"">く</span><span class=""pitch-h"">り</span><span class=""pitch-h"">ー</span><span class=""pitch-h"">に</span><span class=""pitch-l"">ん</span><span class=""pitch-l"">ぐ</span></rt></ruby>",
苦情を言いたいのですが。,I'd like to make a complaint.,苦情,苦情【くじょう】を言【い】いたいのですが。,Complaints,polite,complaint,"<ruby class=""vocab"">苦情<rt><span class=""pitch-l"">く</span><span class=""pitch-h"">じょ</span><span class=""pitch-h"">う</span></rt></ruby>",
不良品でした。,It was defective.,不良品,不良【ふりょう】品【ひん】でした。,Complaints,polite,defective product,"<ruby class=""vocab"">不良品<rt>ふりょうひん</rt></ruby>",
返品したいのですが。,I'd like to return this.,返品,返品【へんぴん】したいのですが。,Complaints,polite,return,"<ruby class=""vocab"">返品<rt><span class=""pitch-l"">へ</span><span class=""pitch-h"">ん</span><span class=""pitch-h"">ぴ</span><span class=""pitch-h"">ん</span></rt></ruby>",
交換してください。,Please exchange this.,交換,交換【こうかん】してください。,Complaints,polite,replace,"<ruby class=""vocab"">交換<rt><span class=""pitch-l"">こ</span><span class=""pitch-h"">う</span><span class=""pitch-h"">か</span><span class=""pitch-h"">ん</span></rt></ruby>",
責任者を呼んでください。,Please call the manager.,責任者,責任【せきにん】者【しゃ】を呼【よ】んでください。,Complaints,polite,manager,"<ruby class=""vocab"">責任者<rt>せきにんしゃ</rt></ruby>",
どう対応してもらえますか?,How will you handle this?,対応,どう対応【たいおう】してもらえますか?,Complaints,polite,handling,"<ruby class=""vocab"">対応<rt><span class=""pitch-l"">た</span><span class=""pitch-h"">い</span><span class=""pitch-h"">お</span><span class=""pitch-h"">う</span></rt></ruby>",
予約を取りたいのですが。,I'd like to make a reservation.,予約,予約【よやく】を取【と】りたいのですが。,Appointments,polite,reservation,"<ruby class=""vocab"">予約<rt><span class=""pitch-l"">よ</span><span class=""pitch-h"">や</span><span class=""pitch-h"">く</span></rt></ruby>",
予約をキャンセルしたいのですが。,I'd like to cancel my reservation.,キャンセル,予約【よやく】をキャンセルしたいのですが。,Appointments,polite,cancel,"<ruby class=""vocab"">キャンセル<rt><span class=""pitch-h"">きゃ</span><span class=""pitch-l"">ん</span><span class=""pitch-l"">せ</span><span class=""pitch-l"">る</span></rt></ruby>",
予約を変更できますか?,Can I change my reservation?,変更,予約【よやく】を変更【へんこう】できますか?,Appointments,polite,change,"<ruby class=""vocab"">変更<rt><span class=""pitch-l"">へ</span><span class=""pitch-h"">ん</span><span class=""pitch-h"">こ</span><span class=""pitch-h"">う</span></rt></ruby>",
何時が空いていますか?,What times are available?,何時,何時【いつ】が空【あ】いていますか?,Appointments,polite,what time,"<ruby class=""vocab"">何時<rt>いつ</rt></ruby>",
確認のお電話をいただけますか?,Could you call to confirm?,確認,確認【かくにん】のお電話【でんわ】をいただけますか?,Appointments,polite,confirmation,"<ruby class=""vocab"">確認<rt><span class=""pitch-l"">か</span><span class=""pitch-h"">く</span><span class=""pitch-h"">に</span><span class=""pitch-h"">ん</span></rt></ruby>",
不審者がいます。,There's a suspicious person.,不審者,不審【ふしん】者【しゃ】がいます。,Crime,polite,suspicious person,"<ruby class=""vocab"">不審者<rt>ふしんしゃ</rt></ruby>",
泥棒に入られた。,We were robbed.,泥棒,泥棒【どろぼう】に入【はい】られた。,Crime,polite,burglar,"<ruby class=""vocab"">泥棒<rt><span class=""pitch-l"">ど</span><span class=""pitch-h"">ろ</span><span class=""pitch-h"">ぼ</span><span class=""pitch-h"">う</span></rt></ruby>",
ストーカー被害に遭っています。,I'm being stalked.,ストーカー,ストーカー被害【ひがい】に遭【あ】っています。,Crime,polite,stalking,"<ruby class=""vocab"">ストーカー<rt><span class=""pitch-l"">す</span><span class=""pitch-h"">と</span><span class=""pitch-l"">ー</span><span class=""pitch-l"">か</span><span class=""pitch-l"">ー</span></rt></ruby>",
変な電話がかかってきた。,I got a strange phone call.,変な電話,変【へん】な電話【でんわ】がかかってきた。,Crime,polite,strange call,"<ruby class=""vocab"">変な電話<rt>へんなでんわ</rt></ruby>",
詐欺に遭いました。,I was scammed.,詐欺,詐欺【さぎ】に遭【あ】いました。,Crime,polite,fraud/scam,"<ruby class=""vocab"">詐欺<rt><span class=""pitch-h"">さ</span><span class=""pitch-l"">ぎ</span></rt></ruby>",
